ticker,company_name,quarter,date,fiscal_year,fiscal_quarter,word_count,source,collection_date
AAPL,AAPL Inc.,Q1 2025,2025-04-30,2025,1,7981,REAL,2026-02-20
AAPL,AAPL Inc.,Q2 2025,2025-07-31,2025,2,8106,REAL,2026-02-20
AAPL,AAPL Inc.,Q3 2025,2025-10-31,2025,3,8126,REAL,2026-02-20
AAPL,AAPL Inc.,Q4 2025,2026-01-31,2025,4,8123,REAL,2026-02-20
AMZN,AMZN Inc.,Q4 2025,2026-01-31,2025,4,9069,REAL,2026-02-20
DBX,DBX Inc.,Q4 2025,2026-01-31,2025,4,7921,REAL,2026-02-20
FIVN,FIVN Inc.,Q4 2025,2026-01-31,2025,4,3775,REAL,2026-02-20
FND,FND Inc.,Q4 2025,2026-01-31,2025,4,9663,REAL,2026-02-20
GOOGL,GOOGL Inc.,Q3 2025,2025-10-31,2025,3,8222,REAL,2026-02-20
GOOGL,GOOGL Inc.,Q4 2025,2026-01-31,2025,4,9067,REAL,2026-02-20
META,META Inc.,Q1 2025,2025-04-30,2025,1,9298,REAL,2026-02-20
META,META Inc.,Q2 2025,2025-07-31,2025,2,9511,REAL,2026-02-20
META,META Inc.,Q3 2025,2025-10-31,2025,3,9602,REAL,2026-02-20
META,META Inc.,Q4 2025,2026-01-31,2025,4,10034,REAL,2026-02-20
NFLX,NFLX Inc.,Q3 2025,2025-10-31,2025,3,6966,REAL,2026-02-20
NFLX,NFLX Inc.,Q4 2025,2026-01-31,2025,4,7086,REAL,2026-02-20
ONTO,ONTO Inc.,Q4 2025,2026-01-31,2025,4,5468,REAL,2026-02-20
YUM,YUM Inc.,Q2 2024,2024-07-31,2024,2,189,SYNTHETIC,2026-02-20
YUM,YUM Inc.,Q3 2024,2024-10-31,2024,3,237,SYNTHETIC,2026-02-20
YUM,YUM Inc.,Q4 2024,2025-01-31,2024,4,180,SYNTHETIC,2026-02-20
MMM,MMM Inc.,Q2 2024,2024-07-31,2024,2,179,SYNTHETIC,2026-02-20
MMM,MMM Inc.,Q3 2024,2024-10-31,2024,3,233,SYNTHETIC,2026-02-20
MMM,MMM Inc.,Q4 2024,2025-01-31,2024,4,202,SYNTHETIC,2026-02-20
AOS,AOS Inc.,Q2 2024,2024-07-31,2024,2,181,SYNTHETIC,2026-02-20
AOS,AOS Inc.,Q3 2024,2024-10-31,2024,3,245,SYNTHETIC,2026-02-20
AOS,AOS Inc.,Q4 2024,2025-01-31,2024,4,190,SYNTHETIC,2026-02-20
WYNN,WYNN Inc.,Q2 2024,2024-07-31,2024,2,207,SYNTHETIC,2026-02-20
WYNN,WYNN Inc.,Q3 2024,2024-10-31,2024,3,181,SYNTHETIC,2026-02-20
WYNN,WYNN Inc.,Q4 2024,2025-01-31,2024,4,236,SYNTHETIC,2026-02-20
ABBV,ABBV Inc.,Q2 2024,2024-07-31,2024,2,180,SYNTHETIC,2026-02-20
ABBV,ABBV Inc.,Q3 2024,2024-10-31,2024,3,237,SYNTHETIC,2026-02-20
ABBV,ABBV Inc.,Q4 2024,2025-01-31,2024,4,189,SYNTHETIC,2026-02-20
ACN,ACN Inc.,Q2 2024,2024-07-31,2024,2,202,SYNTHETIC,2026-02-20
ACN,ACN Inc.,Q3 2024,2024-10-31,2024,3,199,SYNTHETIC,2026-02-20
ACN,ACN Inc.,Q4 2024,2025-01-31,2024,4,203,SYNTHETIC,2026-02-20
ADBE,ADBE Inc.,Q2 2024,2024-07-31,2024,2,244,SYNTHETIC,2026-02-20
ADBE,ADBE Inc.,Q3 2024,2024-10-31,2024,3,237,SYNTHETIC,2026-02-20
ADBE,ADBE Inc.,Q4 2024,2025-01-31,2024,4,195,SYNTHETIC,2026-02-20
AMD,AMD Inc.,Q2 2024,2024-07-31,2024,2,233,SYNTHETIC,2026-02-20
AMD,AMD Inc.,Q3 2024,2024-10-31,2024,3,244,SYNTHETIC,2026-02-20
AMD,AMD Inc.,Q4 2024,2025-01-31,2024,4,211,SYNTHETIC,2026-02-20
WTW,WTW Inc.,Q2 2024,2024-07-31,2024,2,237,SYNTHETIC,2026-02-20
WTW,WTW Inc.,Q3 2024,2024-10-31,2024,3,206,SYNTHETIC,2026-02-20
WTW,WTW Inc.,Q4 2024,2025-01-31,2024,4,197,SYNTHETIC,2026-02-20
AFL,AFL Inc.,Q2 2024,2024-07-31,2024,2,237,SYNTHETIC,2026-02-20
AFL,AFL Inc.,Q3 2024,2024-10-31,2024,3,245,SYNTHETIC,2026-02-20
AFL,AFL Inc.,Q4 2024,2025-01-31,2024,4,204,SYNTHETIC,2026-02-20
WY,WY Inc.,Q2 2024,2024-07-31,2024,2,199,SYNTHETIC,2026-02-20
WY,WY Inc.,Q3 2024,2024-10-31,2024,3,182,SYNTHETIC,2026-02-20
WY,WY Inc.,Q4 2024,2025-01-31,2024,4,245,SYNTHETIC,2026-02-20
TRMB,TRMB Inc.,Q2 2024,2024-07-31,2024,2,179,SYNTHETIC,2026-02-20
TRMB,TRMB Inc.,Q3 2024,2024-10-31,2024,3,180,SYNTHETIC,2026-02-20
TRMB,TRMB Inc.,Q4 2024,2025-01-31,2024,4,203,SYNTHETIC,2026-02-20
TSN,TSN Inc.,Q2 2024,2024-07-31,2024,2,233,SYNTHETIC,2026-02-20
TSN,TSN Inc.,Q3 2024,2024-10-31,2024,3,172,SYNTHETIC,2026-02-20
TSN,TSN Inc.,Q4 2024,2025-01-31,2024,4,245,SYNTHETIC,2026-02-20
UDR,UDR Inc.,Q2 2024,2024-07-31,2024,2,216,SYNTHETIC,2026-02-20
UDR,UDR Inc.,Q3 2024,2024-10-31,2024,3,235,SYNTHETIC,2026-02-20
UDR,UDR Inc.,Q4 2024,2025-01-31,2024,4,199,SYNTHETIC,2026-02-20
TXT,TXT Inc.,Q2 2024,2024-07-31,2024,2,234,SYNTHETIC,2026-02-20
TXT,TXT Inc.,Q3 2024,2024-10-31,2024,3,181,SYNTHETIC,2026-02-20
TXT,TXT Inc.,Q4 2024,2025-01-31,2024,4,235,SYNTHETIC,2026-02-20
TSCO,TSCO Inc.,Q2 2024,2024-07-31,2024,2,253,SYNTHETIC,2026-02-20
TSCO,TSCO Inc.,Q3 2024,2024-10-31,2024,3,202,SYNTHETIC,2026-02-20
TSCO,TSCO Inc.,Q4 2024,2025-01-31,2024,4,234,SYNTHETIC,2026-02-20
TT,TT Inc.,Q2 2024,2024-07-31,2024,2,237,SYNTHETIC,2026-02-20
TT,TT Inc.,Q3 2024,2024-10-31,2024,3,254,SYNTHETIC,2026-02-20
TT,TT Inc.,Q4 2024,2025-01-31,2024,4,172,SYNTHETIC,2026-02-20
TDG,TDG Inc.,Q2 2024,2024-07-31,2024,2,235,SYNTHETIC,2026-02-20
TDG,TDG Inc.,Q3 2024,2024-10-31,2024,3,235,SYNTHETIC,2026-02-20
TDG,TDG Inc.,Q4 2024,2025-01-31,2024,4,203,SYNTHETIC,2026-02-20
TDY,TDY Inc.,Q2 2024,2024-07-31,2024,2,179,SYNTHETIC,2026-02-20
TDY,TDY Inc.,Q3 2024,2024-10-31,2024,3,181,SYNTHETIC,2026-02-20
TDY,TDY Inc.,Q4 2024,2025-01-31,2024,4,189,SYNTHETIC,2026-02-20
TER,TER Inc.,Q2 2024,2024-07-31,2024,2,238,SYNTHETIC,2026-02-20
TER,TER Inc.,Q3 2024,2024-10-31,2024,3,181,SYNTHETIC,2026-02-20
TER,TER Inc.,Q4 2024,2025-01-31,2024,4,245,SYNTHETIC,2026-02-20
TSLA,TSLA Inc.,Q2 2024,2024-07-31,2024,2,204,SYNTHETIC,2026-02-20
TSLA,TSLA Inc.,Q3 2024,2024-10-31,2024,3,203,SYNTHETIC,2026-02-20
TSLA,TSLA Inc.,Q4 2024,2025-01-31,2024,4,182,SYNTHETIC,2026-02-20
TMUS,TMUS Inc.,Q2 2024,2024-07-31,2024,2,215,SYNTHETIC,2026-02-20
TMUS,TMUS Inc.,Q3 2024,2024-10-31,2024,3,207,SYNTHETIC,2026-02-20
TMUS,TMUS Inc.,Q4 2024,2025-01-31,2024,4,198,SYNTHETIC,2026-02-20
TTWO,TTWO Inc.,Q2 2024,2024-07-31,2024,2,199,SYNTHETIC,2026-02-20
TTWO,TTWO Inc.,Q3 2024,2024-10-31,2024,3,190,SYNTHETIC,2026-02-20
TTWO,TTWO Inc.,Q4 2024,2025-01-31,2024,4,206,SYNTHETIC,2026-02-20
BK,BK Inc.,Q2 2024,2024-07-31,2024,2,208,SYNTHETIC,2026-02-20
BK,BK Inc.,Q3 2024,2024-10-31,2024,3,202,SYNTHETIC,2026-02-20
BK,BK Inc.,Q4 2024,2025-01-31,2024,4,235,SYNTHETIC,2026-02-20
BSX,BSX Inc.,Q2 2024,2024-07-31,2024,2,189,SYNTHETIC,2026-02-20
BSX,BSX Inc.,Q3 2024,2024-10-31,2024,3,203,SYNTHETIC,2026-02-20
BSX,BSX Inc.,Q4 2024,2025-01-31,2024,4,202,SYNTHETIC,2026-02-20
BAX,BAX Inc.,Q2 2024,2024-07-31,2024,2,190,SYNTHETIC,2026-02-20
BAX,BAX Inc.,Q3 2024,2024-10-31,2024,3,226,SYNTHETIC,2026-02-20
BAX,BAX Inc.,Q4 2024,2025-01-31,2024,4,195,SYNTHETIC,2026-02-20
BDX,BDX Inc.,Q2 2024,2024-07-31,2024,2,237,SYNTHETIC,2026-02-20
BDX,BDX Inc.,Q3 2024,2024-10-31,2024,3,172,SYNTHETIC,2026-02-20
BDX,BDX Inc.,Q4 2024,2025-01-31,2024,4,202,SYNTHETIC,2026-02-20
BIIB,BIIB Inc.,Q2 2024,2024-07-31,2024,2,226,SYNTHETIC,2026-02-20
BIIB,BIIB Inc.,Q3 2024,2024-10-31,2024,3,198,SYNTHETIC,2026-02-20
BIIB,BIIB Inc.,Q4 2024,2025-01-31,2024,4,226,SYNTHETIC,2026-02-20
AZO,AZO Inc.,Q2 2024,2024-07-31,2024,2,237,SYNTHETIC,2026-02-20
AZO,AZO Inc.,Q3 2024,2024-10-31,2024,3,202,SYNTHETIC,2026-02-20
AZO,AZO Inc.,Q4 2024,2025-01-31,2024,4,204,SYNTHETIC,2026-02-20
AVB,AVB Inc.,Q2 2024,2024-07-31,2024,2,254,SYNTHETIC,2026-02-20
AVB,AVB Inc.,Q3 2024,2024-10-31,2024,3,179,SYNTHETIC,2026-02-20
AVB,AVB Inc.,Q4 2024,2025-01-31,2024,4,237,SYNTHETIC,2026-02-20
AVY,AVY Inc.,Q2 2024,2024-07-31,2024,2,188,SYNTHETIC,2026-02-20
AVY,AVY Inc.,Q3 2024,2024-10-31,2024,3,180,SYNTHETIC,2026-02-20
AVY,AVY Inc.,Q4 2024,2025-01-31,2024,4,237,SYNTHETIC,2026-02-20
BKR,BKR Inc.,Q2 2024,2024-07-31,2024,2,254,SYNTHETIC,2026-02-20
BKR,BKR Inc.,Q3 2024,2024-10-31,2024,3,242,SYNTHETIC,2026-02-20
BKR,BKR Inc.,Q4 2024,2025-01-31,2024,4,207,SYNTHETIC,2026-02-20
BALL,BALL Inc.,Q2 2024,2024-07-31,2024,2,188,SYNTHETIC,2026-02-20
BALL,BALL Inc.,Q3 2024,2024-10-31,2024,3,188,SYNTHETIC,2026-02-20
BALL,BALL Inc.,Q4 2024,2025-01-31,2024,4,181,SYNTHETIC,2026-02-20
ADM,ADM Inc.,Q2 2024,2024-07-31,2024,2,179,SYNTHETIC,2026-02-20
ADM,ADM Inc.,Q3 2024,2024-10-31,2024,3,237,SYNTHETIC,2026-02-20
ADM,ADM Inc.,Q4 2024,2025-01-31,2024,4,244,SYNTHETIC,2026-02-20
AJG,AJG Inc.,Q2 2024,2024-07-31,2024,2,204,SYNTHETIC,2026-02-20
AJG,AJG Inc.,Q3 2024,2024-10-31,2024,3,188,SYNTHETIC,2026-02-20
AJG,AJG Inc.,Q4 2024,2025-01-31,2024,4,181,SYNTHETIC,2026-02-20
AIZ,AIZ Inc.,Q2 2024,2024-07-31,2024,2,233,SYNTHETIC,2026-02-20
AIZ,AIZ Inc.,Q3 2024,2024-10-31,2024,3,208,SYNTHETIC,2026-02-20
AIZ,AIZ Inc.,Q4 2024,2025-01-31,2024,4,211,SYNTHETIC,2026-02-20
SWK,SWK Inc.,Q2 2024,2024-07-31,2024,2,189,SYNTHETIC,2026-02-20
SWK,SWK Inc.,Q3 2024,2024-10-31,2024,3,203,SYNTHETIC,2026-02-20
SWK,SWK Inc.,Q4 2024,2025-01-31,2024,4,202,SYNTHETIC,2026-02-20
SBUX,SBUX Inc.,Q2 2024,2024-07-31,2024,2,208,SYNTHETIC,2026-02-20
SBUX,SBUX Inc.,Q3 2024,2024-10-31,2024,3,207,SYNTHETIC,2026-02-20
SBUX,SBUX Inc.,Q4 2024,2025-01-31,2024,4,211,SYNTHETIC,2026-02-20
STT,STT Inc.,Q2 2024,2024-07-31,2024,2,237,SYNTHETIC,2026-02-20
STT,STT Inc.,Q3 2024,2024-10-31,2024,3,200,SYNTHETIC,2026-02-20
STT,STT Inc.,Q4 2024,2025-01-31,2024,4,199,SYNTHETIC,2026-02-20
STLD,STLD Inc.,Q2 2024,2024-07-31,2024,2,243,SYNTHETIC,2026-02-20
STLD,STLD Inc.,Q3 2024,2024-10-31,2024,3,215,SYNTHETIC,2026-02-20
STLD,STLD Inc.,Q4 2024,2025-01-31,2024,4,233,SYNTHETIC,2026-02-20
SHW,SHW Inc.,Q2 2024,2024-07-31,2024,2,181,SYNTHETIC,2026-02-20
SHW,SHW Inc.,Q3 2024,2024-10-31,2024,3,235,SYNTHETIC,2026-02-20
SHW,SHW Inc.,Q4 2024,2025-01-31,2024,4,197,SYNTHETIC,2026-02-20
SNA,SNA Inc.,Q2 2024,2024-07-31,2024,2,207,SYNTHETIC,2026-02-20
SNA,SNA Inc.,Q3 2024,2024-10-31,2024,3,188,SYNTHETIC,2026-02-20
SNA,SNA Inc.,Q4 2024,2025-01-31,2024,4,253,SYNTHETIC,2026-02-20
RVTY,RVTY Inc.,Q2 2024,2024-07-31,2024,2,204,SYNTHETIC,2026-02-20
RVTY,RVTY Inc.,Q3 2024,2024-10-31,2024,3,236,SYNTHETIC,2026-02-20
RVTY,RVTY Inc.,Q4 2024,2025-01-31,2024,4,206,SYNTHETIC,2026-02-20
ROK,ROK Inc.,Q2 2024,2024-07-31,2024,2,211,SYNTHETIC,2026-02-20
ROK,ROK Inc.,Q3 2024,2024-10-31,2024,3,208,SYNTHETIC,2026-02-20
ROK,ROK Inc.,Q4 2024,2025-01-31,2024,4,243,SYNTHETIC,2026-02-20
ROP,ROP Inc.,Q2 2024,2024-07-31,2024,2,199,SYNTHETIC,2026-02-20
ROP,ROP Inc.,Q3 2024,2024-10-31,2024,3,253,SYNTHETIC,2026-02-20
ROP,ROP Inc.,Q4 2024,2025-01-31,2024,4,188,SYNTHETIC,2026-02-20
CHTR,CHTR Inc.,Q2 2024,2024-07-31,2024,2,237,SYNTHETIC,2026-02-20
CHTR,CHTR Inc.,Q3 2024,2024-10-31,2024,3,172,SYNTHETIC,2026-02-20
CHTR,CHTR Inc.,Q4 2024,2025-01-31,2024,4,253,SYNTHETIC,2026-02-20
CB,CB Inc.,Q2 2024,2024-07-31,2024,2,246,SYNTHETIC,2026-02-20
CB,CB Inc.,Q3 2024,2024-10-31,2024,3,180,SYNTHETIC,2026-02-20
CB,CB Inc.,Q4 2024,2025-01-31,2024,4,242,SYNTHETIC,2026-02-20
CI,CI Inc.,Q2 2024,2024-07-31,2024,2,191,SYNTHETIC,2026-02-20
CI,CI Inc.,Q3 2024,2024-10-31,2024,3,253,SYNTHETIC,2026-02-20
CI,CI Inc.,Q4 2024,2025-01-31,2024,4,226,SYNTHETIC,2026-02-20
CBRE,CBRE Inc.,Q2 2024,2024-07-31,2024,2,207,SYNTHETIC,2026-02-20
CBRE,CBRE Inc.,Q3 2024,2024-10-31,2024,3,204,SYNTHETIC,2026-02-20
CBRE,CBRE Inc.,Q4 2024,2025-01-31,2024,4,172,SYNTHETIC,2026-02-20
CNC,CNC Inc.,Q2 2024,2024-07-31,2024,2,179,SYNTHETIC,2026-02-20
CNC,CNC Inc.,Q3 2024,2024-10-31,2024,3,235,SYNTHETIC,2026-02-20
CNC,CNC Inc.,Q4 2024,2025-01-31,2024,4,242,SYNTHETIC,2026-02-20
COF,COF Inc.,Q2 2024,2024-07-31,2024,2,246,SYNTHETIC,2026-02-20
COF,COF Inc.,Q3 2024,2024-10-31,2024,3,204,SYNTHETIC,2026-02-20
COF,COF Inc.,Q4 2024,2025-01-31,2024,4,216,SYNTHETIC,2026-02-20
CAH,CAH Inc.,Q2 2024,2024-07-31,2024,2,211,SYNTHETIC,2026-02-20
CAH,CAH Inc.,Q3 2024,2024-10-31,2024,3,215,SYNTHETIC,2026-02-20
CAH,CAH Inc.,Q4 2024,2025-01-31,2024,4,233,SYNTHETIC,2026-02-20
CCL,CCL Inc.,Q2 2024,2024-07-31,2024,2,203,SYNTHETIC,2026-02-20
CCL,CCL Inc.,Q3 2024,2024-10-31,2024,3,211,SYNTHETIC,2026-02-20
CCL,CCL Inc.,Q4 2024,2025-01-31,2024,4,181,SYNTHETIC,2026-02-20
CARR,CARR Inc.,Q2 2024,2024-07-31,2024,2,242,SYNTHETIC,2026-02-20
CARR,CARR Inc.,Q3 2024,2024-10-31,2024,3,233,SYNTHETIC,2026-02-20
CARR,CARR Inc.,Q4 2024,2025-01-31,2024,4,246,SYNTHETIC,2026-02-20
CAT,CAT Inc.,Q2 2024,2024-07-31,2024,2,235,SYNTHETIC,2026-02-20
CAT,CAT Inc.,Q3 2024,2024-10-31,2024,3,190,SYNTHETIC,2026-02-20
CAT,CAT Inc.,Q4 2024,2025-01-31,2024,4,172,SYNTHETIC,2026-02-20
CBOE,CBOE Inc.,Q2 2024,2024-07-31,2024,2,179,SYNTHETIC,2026-02-20
CBOE,CBOE Inc.,Q3 2024,2024-10-31,2024,3,195,SYNTHETIC,2026-02-20
CBOE,CBOE Inc.,Q4 2024,2025-01-31,2024,4,244,SYNTHETIC,2026-02-20
BXP,BXP Inc.,Q2 2024,2024-07-31,2024,2,242,SYNTHETIC,2026-02-20
BXP,BXP Inc.,Q3 2024,2024-10-31,2024,3,204,SYNTHETIC,2026-02-20
BXP,BXP Inc.,Q4 2024,2025-01-31,2024,4,207,SYNTHETIC,2026-02-20
CHRW,CHRW Inc.,Q2 2024,2024-07-31,2024,2,197,SYNTHETIC,2026-02-20
CHRW,CHRW Inc.,Q3 2024,2024-10-31,2024,3,209,SYNTHETIC,2026-02-20
CHRW,CHRW Inc.,Q4 2024,2025-01-31,2024,4,246,SYNTHETIC,2026-02-20
CPT,CPT Inc.,Q2 2024,2024-07-31,2024,2,172,SYNTHETIC,2026-02-20
CPT,CPT Inc.,Q3 2024,2024-10-31,2024,3,246,SYNTHETIC,2026-02-20
CPT,CPT Inc.,Q4 2024,2025-01-31,2024,4,179,SYNTHETIC,2026-02-20
RJF,RJF Inc.,Q2 2024,2024-07-31,2024,2,180,SYNTHETIC,2026-02-20
RJF,RJF Inc.,Q3 2024,2024-10-31,2024,3,244,SYNTHETIC,2026-02-20
RJF,RJF Inc.,Q4 2024,2025-01-31,2024,4,227,SYNTHETIC,2026-02-20
REGN,REGN Inc.,Q2 2024,2024-07-31,2024,2,234,SYNTHETIC,2026-02-20
REGN,REGN Inc.,Q3 2024,2024-10-31,2024,3,244,SYNTHETIC,2026-02-20
REGN,REGN Inc.,Q4 2024,2025-01-31,2024,4,254,SYNTHETIC,2026-02-20
PTC,PTC Inc.,Q2 2024,2024-07-31,2024,2,246,SYNTHETIC,2026-02-20
PTC,PTC Inc.,Q3 2024,2024-10-31,2024,3,188,SYNTHETIC,2026-02-20
PTC,PTC Inc.,Q4 2024,2025-01-31,2024,4,237,SYNTHETIC,2026-02-20
QCOM,QCOM Inc.,Q2 2024,2024-07-31,2024,2,202,SYNTHETIC,2026-02-20
QCOM,QCOM Inc.,Q3 2024,2024-10-31,2024,3,245,SYNTHETIC,2026-02-20
QCOM,QCOM Inc.,Q4 2024,2025-01-31,2024,4,244,SYNTHETIC,2026-02-20
PNC,PNC Inc.,Q2 2024,2024-07-31,2024,2,203,SYNTHETIC,2026-02-20
PNC,PNC Inc.,Q3 2024,2024-10-31,2024,3,233,SYNTHETIC,2026-02-20
PNC,PNC Inc.,Q4 2024,2025-01-31,2024,4,197,SYNTHETIC,2026-02-20
PPG,PPG Inc.,Q2 2024,2024-07-31,2024,2,188,SYNTHETIC,2026-02-20
PPG,PPG Inc.,Q3 2024,2024-10-31,2024,3,204,SYNTHETIC,2026-02-20
PPG,PPG Inc.,Q4 2024,2025-01-31,2024,4,253,SYNTHETIC,2026-02-20
PLD,PLD Inc.,Q2 2024,2024-07-31,2024,2,189,SYNTHETIC,2026-02-20
PLD,PLD Inc.,Q3 2024,2024-10-31,2024,3,235,SYNTHETIC,2026-02-20
PLD,PLD Inc.,Q4 2024,2025-01-31,2024,4,202,SYNTHETIC,2026-02-20
PNR,PNR Inc.,Q2 2024,2024-07-31,2024,2,188,SYNTHETIC,2026-02-20
PNR,PNR Inc.,Q3 2024,2024-10-31,2024,3,203,SYNTHETIC,2026-02-20
PNR,PNR Inc.,Q4 2024,2025-01-31,2024,4,244,SYNTHETIC,2026-02-20
PEP,PEP Inc.,Q2 2024,2024-07-31,2024,2,211,SYNTHETIC,2026-02-20
PEP,PEP Inc.,Q3 2024,2024-10-31,2024,3,181,SYNTHETIC,2026-02-20
PEP,PEP Inc.,Q4 2024,2025-01-31,2024,4,172,SYNTHETIC,2026-02-20
PFE,PFE Inc.,Q2 2024,2024-07-31,2024,2,234,SYNTHETIC,2026-02-20
PFE,PFE Inc.,Q3 2024,2024-10-31,2024,3,253,SYNTHETIC,2026-02-20
PFE,PFE Inc.,Q4 2024,2025-01-31,2024,4,253,SYNTHETIC,2026-02-20
PCG,PCG Inc.,Q2 2024,2024-07-31,2024,2,191,SYNTHETIC,2026-02-20
PCG,PCG Inc.,Q3 2024,2024-10-31,2024,3,179,SYNTHETIC,2026-02-20
PCG,PCG Inc.,Q4 2024,2025-01-31,2024,4,195,SYNTHETIC,2026-02-20
PM,PM Inc.,Q2 2024,2024-07-31,2024,2,215,SYNTHETIC,2026-02-20
PM,PM Inc.,Q3 2024,2024-10-31,2024,3,245,SYNTHETIC,2026-02-20
PM,PM Inc.,Q4 2024,2025-01-31,2024,4,253,SYNTHETIC,2026-02-20
PSX,PSX Inc.,Q2 2024,2024-07-31,2024,2,188,SYNTHETIC,2026-02-20
PSX,PSX Inc.,Q3 2024,2024-10-31,2024,3,202,SYNTHETIC,2026-02-20
PSX,PSX Inc.,Q4 2024,2025-01-31,2024,4,233,SYNTHETIC,2026-02-20
PKG,PKG Inc.,Q2 2024,2024-07-31,2024,2,208,SYNTHETIC,2026-02-20
PKG,PKG Inc.,Q3 2024,2024-10-31,2024,3,181,SYNTHETIC,2026-02-20
PKG,PKG Inc.,Q4 2024,2025-01-31,2024,4,181,SYNTHETIC,2026-02-20
PH,PH Inc.,Q2 2024,2024-07-31,2024,2,181,SYNTHETIC,2026-02-20
PH,PH Inc.,Q3 2024,2024-10-31,2024,3,234,SYNTHETIC,2026-02-20
PH,PH Inc.,Q4 2024,2025-01-31,2024,4,181,SYNTHETIC,2026-02-20
ON,ON Inc.,Q2 2024,2024-07-31,2024,2,188,SYNTHETIC,2026-02-20
ON,ON Inc.,Q3 2024,2024-10-31,2024,3,234,SYNTHETIC,2026-02-20
ON,ON Inc.,Q4 2024,2025-01-31,2024,4,202,SYNTHETIC,2026-02-20
OTIS,OTIS Inc.,Q2 2024,2024-07-31,2024,2,215,SYNTHETIC,2026-02-20
OTIS,OTIS Inc.,Q3 2024,2024-10-31,2024,3,234,SYNTHETIC,2026-02-20
OTIS,OTIS Inc.,Q4 2024,2025-01-31,2024,4,189,SYNTHETIC,2026-02-20
NTRS,NTRS Inc.,Q2 2024,2024-07-31,2024,2,179,SYNTHETIC,2026-02-20
NTRS,NTRS Inc.,Q3 2024,2024-10-31,2024,3,202,SYNTHETIC,2026-02-20
NTRS,NTRS Inc.,Q4 2024,2025-01-31,2024,4,246,SYNTHETIC,2026-02-20
NOC,NOC Inc.,Q2 2024,2024-07-31,2024,2,242,SYNTHETIC,2026-02-20
NOC,NOC Inc.,Q3 2024,2024-10-31,2024,3,199,SYNTHETIC,2026-02-20
NOC,NOC Inc.,Q4 2024,2025-01-31,2024,4,197,SYNTHETIC,2026-02-20
NUE,NUE Inc.,Q2 2024,2024-07-31,2024,2,207,SYNTHETIC,2026-02-20
NUE,NUE Inc.,Q3 2024,2024-10-31,2024,3,199,SYNTHETIC,2026-02-20
NUE,NUE Inc.,Q4 2024,2025-01-31,2024,4,242,SYNTHETIC,2026-02-20
NVR,NVR Inc.,Q2 2024,2024-07-31,2024,2,245,SYNTHETIC,2026-02-20
NVR,NVR Inc.,Q3 2024,2024-10-31,2024,3,197,SYNTHETIC,2026-02-20
NVR,NVR Inc.,Q4 2024,2025-01-31,2024,4,199,SYNTHETIC,2026-02-20
NXPI,NXPI Inc.,Q2 2024,2024-07-31,2024,2,190,SYNTHETIC,2026-02-20
NXPI,NXPI Inc.,Q3 2024,2024-10-31,2024,3,197,SYNTHETIC,2026-02-20
NXPI,NXPI Inc.,Q4 2024,2025-01-31,2024,4,235,SYNTHETIC,2026-02-20
NWSA,NWSA Inc.,Q2 2024,2024-07-31,2024,2,211,SYNTHETIC,2026-02-20
NWSA,NWSA Inc.,Q3 2024,2024-10-31,2024,3,173,SYNTHETIC,2026-02-20
NWSA,NWSA Inc.,Q4 2024,2025-01-31,2024,4,202,SYNTHETIC,2026-02-20
NWS,NWS Inc.,Q2 2024,2024-07-31,2024,2,200,SYNTHETIC,2026-02-20
NWS,NWS Inc.,Q3 2024,2024-10-31,2024,3,237,SYNTHETIC,2026-02-20
NWS,NWS Inc.,Q4 2024,2025-01-31,2024,4,246,SYNTHETIC,2026-02-20
NSC,NSC Inc.,Q2 2024,2024-07-31,2024,2,206,SYNTHETIC,2026-02-20
NSC,NSC Inc.,Q3 2024,2024-10-31,2024,3,203,SYNTHETIC,2026-02-20
NSC,NSC Inc.,Q4 2024,2025-01-31,2024,4,195,SYNTHETIC,2026-02-20
COST,COST Inc.,Q2 2024,2024-07-31,2024,2,226,SYNTHETIC,2026-02-20
COST,COST Inc.,Q3 2024,2024-10-31,2024,3,180,SYNTHETIC,2026-02-20
COST,COST Inc.,Q4 2024,2025-01-31,2024,4,208,SYNTHETIC,2026-02-20
CCI,CCI Inc.,Q2 2024,2024-07-31,2024,2,190,SYNTHETIC,2026-02-20
CCI,CCI Inc.,Q3 2024,2024-10-31,2024,3,208,SYNTHETIC,2026-02-20
CCI,CCI Inc.,Q4 2024,2025-01-31,2024,4,188,SYNTHETIC,2026-02-20
CSX,CSX Inc.,Q2 2024,2024-07-31,2024,2,207,SYNTHETIC,2026-02-20
CSX,CSX Inc.,Q3 2024,2024-10-31,2024,3,208,SYNTHETIC,2026-02-20
CSX,CSX Inc.,Q4 2024,2025-01-31,2024,4,233,SYNTHETIC,2026-02-20
CMI,CMI Inc.,Q2 2024,2024-07-31,2024,2,188,SYNTHETIC,2026-02-20
CMI,CMI Inc.,Q3 2024,2024-10-31,2024,3,199,SYNTHETIC,2026-02-20
CMI,CMI Inc.,Q4 2024,2025-01-31,2024,4,246,SYNTHETIC,2026-02-20
CVS,CVS Inc.,Q2 2024,2024-07-31,2024,2,208,SYNTHETIC,2026-02-20
CVS,CVS Inc.,Q3 2024,2024-10-31,2024,3,204,SYNTHETIC,2026-02-20
CVS,CVS Inc.,Q4 2024,2025-01-31,2024,4,234,SYNTHETIC,2026-02-20
STZ,STZ Inc.,Q2 2024,2024-07-31,2024,2,181,SYNTHETIC,2026-02-20
STZ,STZ Inc.,Q3 2024,2024-10-31,2024,3,206,SYNTHETIC,2026-02-20
STZ,STZ Inc.,Q4 2024,2025-01-31,2024,4,189,SYNTHETIC,2026-02-20
CPAY,CPAY Inc.,Q2 2024,2024-07-31,2024,2,245,SYNTHETIC,2026-02-20
CPAY,CPAY Inc.,Q3 2024,2024-10-31,2024,3,190,SYNTHETIC,2026-02-20
CPAY,CPAY Inc.,Q4 2024,2025-01-31,2024,4,202,SYNTHETIC,2026-02-20
CTVA,CTVA Inc.,Q2 2024,2024-07-31,2024,2,188,SYNTHETIC,2026-02-20
CTVA,CTVA Inc.,Q3 2024,2024-10-31,2024,3,204,SYNTHETIC,2026-02-20
CTVA,CTVA Inc.,Q4 2024,2025-01-31,2024,4,195,SYNTHETIC,2026-02-20
CTSH,CTSH Inc.,Q2 2024,2024-07-31,2024,2,246,SYNTHETIC,2026-02-20
CTSH,CTSH Inc.,Q3 2024,2024-10-31,2024,3,208,SYNTHETIC,2026-02-20
CTSH,CTSH Inc.,Q4 2024,2025-01-31,2024,4,188,SYNTHETIC,2026-02-20
COIN,COIN Inc.,Q2 2024,2024-07-31,2024,2,197,SYNTHETIC,2026-02-20
COIN,COIN Inc.,Q3 2024,2024-10-31,2024,3,254,SYNTHETIC,2026-02-20
COIN,COIN Inc.,Q4 2024,2025-01-31,2024,4,235,SYNTHETIC,2026-02-20
CL,CL Inc.,Q2 2024,2024-07-31,2024,2,242,SYNTHETIC,2026-02-20
CL,CL Inc.,Q3 2024,2024-10-31,2024,3,204,SYNTHETIC,2026-02-20
CL,CL Inc.,Q4 2024,2025-01-31,2024,4,242,SYNTHETIC,2026-02-20
CMCSA,CMCSA Inc.,Q2 2024,2024-07-31,2024,2,207,SYNTHETIC,2026-02-20
CMCSA,CMCSA Inc.,Q3 2024,2024-10-31,2024,3,203,SYNTHETIC,2026-02-20
CMCSA,CMCSA Inc.,Q4 2024,2025-01-31,2024,4,242,SYNTHETIC,2026-02-20
CAG,CAG Inc.,Q2 2024,2024-07-31,2024,2,208,SYNTHETIC,2026-02-20
CAG,CAG Inc.,Q3 2024,2024-10-31,2024,3,226,SYNTHETIC,2026-02-20
CAG,CAG Inc.,Q4 2024,2025-01-31,2024,4,189,SYNTHETIC,2026-02-20
COP,COP Inc.,Q2 2024,2024-07-31,2024,2,243,SYNTHETIC,2026-02-20
COP,COP Inc.,Q3 2024,2024-10-31,2024,3,189,SYNTHETIC,2026-02-20
COP,COP Inc.,Q4 2024,2025-01-31,2024,4,246,SYNTHETIC,2026-02-20
C,C Inc.,Q2 2024,2024-07-31,2024,2,233,SYNTHETIC,2026-02-20
C,C Inc.,Q3 2024,2024-10-31,2024,3,181,SYNTHETIC,2026-02-20
C,C Inc.,Q4 2024,2025-01-31,2024,4,244,SYNTHETIC,2026-02-20
CFG,CFG Inc.,Q2 2024,2024-07-31,2024,2,203,SYNTHETIC,2026-02-20
CFG,CFG Inc.,Q3 2024,2024-10-31,2024,3,204,SYNTHETIC,2026-02-20
CFG,CFG Inc.,Q4 2024,2025-01-31,2024,4,235,SYNTHETIC,2026-02-20
CMS,CMS Inc.,Q2 2024,2024-07-31,2024,2,181,SYNTHETIC,2026-02-20
CMS,CMS Inc.,Q3 2024,2024-10-31,2024,3,180,SYNTHETIC,2026-02-20
CMS,CMS Inc.,Q4 2024,2025-01-31,2024,4,203,SYNTHETIC,2026-02-20
KO,KO Inc.,Q2 2024,2024-07-31,2024,2,206,SYNTHETIC,2026-02-20
KO,KO Inc.,Q3 2024,2024-10-31,2024,3,199,SYNTHETIC,2026-02-20
KO,KO Inc.,Q4 2024,2025-01-31,2024,4,199,SYNTHETIC,2026-02-20
MS,MS Inc.,Q2 2024,2024-07-31,2024,2,245,SYNTHETIC,2026-02-20
MS,MS Inc.,Q3 2024,2024-10-31,2024,3,188,SYNTHETIC,2026-02-20
MS,MS Inc.,Q4 2024,2025-01-31,2024,4,208,SYNTHETIC,2026-02-20
MSI,MSI Inc.,Q2 2024,2024-07-31,2024,2,215,SYNTHETIC,2026-02-20
MSI,MSI Inc.,Q3 2024,2024-10-31,2024,3,199,SYNTHETIC,2026-02-20
MSI,MSI Inc.,Q4 2024,2025-01-31,2024,4,181,SYNTHETIC,2026-02-20
NDAQ,NDAQ Inc.,Q2 2024,2024-07-31,2024,2,190,SYNTHETIC,2026-02-20
NDAQ,NDAQ Inc.,Q3 2024,2024-10-31,2024,3,211,SYNTHETIC,2026-02-20
NDAQ,NDAQ Inc.,Q4 2024,2025-01-31,2024,4,188,SYNTHETIC,2026-02-20
MAA,MAA Inc.,Q2 2024,2024-07-31,2024,2,233,SYNTHETIC,2026-02-20
MAA,MAA Inc.,Q3 2024,2024-10-31,2024,3,188,SYNTHETIC,2026-02-20
MAA,MAA Inc.,Q4 2024,2025-01-31,2024,4,203,SYNTHETIC,2026-02-20
MRNA,MRNA Inc.,Q2 2024,2024-07-31,2024,2,203,SYNTHETIC,2026-02-20
MRNA,MRNA Inc.,Q3 2024,2024-10-31,2024,3,244,SYNTHETIC,2026-02-20
MRNA,MRNA Inc.,Q4 2024,2025-01-31,2024,4,234,SYNTHETIC,2026-02-20
MDLZ,MDLZ Inc.,Q2 2024,2024-07-31,2024,2,189,SYNTHETIC,2026-02-20
MDLZ,MDLZ Inc.,Q3 2024,2024-10-31,2024,3,181,SYNTHETIC,2026-02-20
MDLZ,MDLZ Inc.,Q4 2024,2025-01-31,2024,4,180,SYNTHETIC,2026-02-20
MRK,MRK Inc.,Q2 2024,2024-07-31,2024,2,181,SYNTHETIC,2026-02-20
MRK,MRK Inc.,Q3 2024,2024-10-31,2024,3,246,SYNTHETIC,2026-02-20
MRK,MRK Inc.,Q4 2024,2025-01-31,2024,4,226,SYNTHETIC,2026-02-20
MGM,MGM Inc.,Q2 2024,2024-07-31,2024,2,190,SYNTHETIC,2026-02-20
MGM,MGM Inc.,Q3 2024,2024-10-31,2024,3,195,SYNTHETIC,2026-02-20
MGM,MGM Inc.,Q4 2024,2025-01-31,2024,4,199,SYNTHETIC,2026-02-20
MU,MU Inc.,Q2 2024,2024-07-31,2024,2,204,SYNTHETIC,2026-02-20
MU,MU Inc.,Q3 2024,2024-10-31,2024,3,181,SYNTHETIC,2026-02-20
MU,MU Inc.,Q4 2024,2025-01-31,2024,4,253,SYNTHETIC,2026-02-20
MTCH,MTCH Inc.,Q2 2024,2024-07-31,2024,2,243,SYNTHETIC,2026-02-20
MTCH,MTCH Inc.,Q3 2024,2024-10-31,2024,3,206,SYNTHETIC,2026-02-20
MTCH,MTCH Inc.,Q4 2024,2025-01-31,2024,4,208,SYNTHETIC,2026-02-20
MCD,MCD Inc.,Q2 2024,2024-07-31,2024,2,215,SYNTHETIC,2026-02-20
MCD,MCD Inc.,Q3 2024,2024-10-31,2024,3,235,SYNTHETIC,2026-02-20
MCD,MCD Inc.,Q4 2024,2025-01-31,2024,4,233,SYNTHETIC,2026-02-20
MCK,MCK Inc.,Q2 2024,2024-07-31,2024,2,181,SYNTHETIC,2026-02-20
MCK,MCK Inc.,Q3 2024,2024-10-31,2024,3,179,SYNTHETIC,2026-02-20
MCK,MCK Inc.,Q4 2024,2025-01-31,2024,4,198,SYNTHETIC,2026-02-20
EW,EW Inc.,Q2 2024,2024-07-31,2024,2,245,SYNTHETIC,2026-02-20
EW,EW Inc.,Q3 2024,2024-10-31,2024,3,203,SYNTHETIC,2026-02-20
EW,EW Inc.,Q4 2024,2025-01-31,2024,4,181,SYNTHETIC,2026-02-20
EA,EA Inc.,Q2 2024,2024-07-31,2024,2,172,SYNTHETIC,2026-02-20
EA,EA Inc.,Q3 2024,2024-10-31,2024,3,245,SYNTHETIC,2026-02-20
EA,EA Inc.,Q4 2024,2025-01-31,2024,4,188,SYNTHETIC,2026-02-20
ELV,ELV Inc.,Q2 2024,2024-07-31,2024,2,179,SYNTHETIC,2026-02-20
ELV,ELV Inc.,Q3 2024,2024-10-31,2024,3,235,SYNTHETIC,2026-02-20
ELV,ELV Inc.,Q4 2024,2025-01-31,2024,4,190,SYNTHETIC,2026-02-20
EMR,EMR Inc.,Q2 2024,2024-07-31,2024,2,202,SYNTHETIC,2026-02-20
EMR,EMR Inc.,Q3 2024,2024-10-31,2024,3,245,SYNTHETIC,2026-02-20
EMR,EMR Inc.,Q4 2024,2025-01-31,2024,4,199,SYNTHETIC,2026-02-20
DOW,DOW Inc.,Q2 2024,2024-07-31,2024,2,245,SYNTHETIC,2026-02-20
DOW,DOW Inc.,Q3 2024,2024-10-31,2024,3,202,SYNTHETIC,2026-02-20
DOW,DOW Inc.,Q4 2024,2025-01-31,2024,4,197,SYNTHETIC,2026-02-20
DUK,DUK Inc.,Q2 2024,2024-07-31,2024,2,206,SYNTHETIC,2026-02-20
DUK,DUK Inc.,Q3 2024,2024-10-31,2024,3,207,SYNTHETIC,2026-02-20
DUK,DUK Inc.,Q4 2024,2025-01-31,2024,4,207,SYNTHETIC,2026-02-20
DD,DD Inc.,Q2 2024,2024-07-31,2024,2,244,SYNTHETIC,2026-02-20
DD,DD Inc.,Q3 2024,2024-10-31,2024,3,197,SYNTHETIC,2026-02-20
DD,DD Inc.,Q4 2024,2025-01-31,2024,4,244,SYNTHETIC,2026-02-20
DHR,DHR Inc.,Q2 2024,2024-07-31,2024,2,172,SYNTHETIC,2026-02-20
DHR,DHR Inc.,Q3 2024,2024-10-31,2024,3,206,SYNTHETIC,2026-02-20
DHR,DHR Inc.,Q4 2024,2025-01-31,2024,4,215,SYNTHETIC,2026-02-20
DDOG,DDOG Inc.,Q2 2024,2024-07-31,2024,2,238,SYNTHETIC,2026-02-20
DDOG,DDOG Inc.,Q3 2024,2024-10-31,2024,3,189,SYNTHETIC,2026-02-20
DDOG,DDOG Inc.,Q4 2024,2025-01-31,2024,4,189,SYNTHETIC,2026-02-20
DVA,DVA Inc.,Q2 2024,2024-07-31,2024,2,204,SYNTHETIC,2026-02-20
DVA,DVA Inc.,Q3 2024,2024-10-31,2024,3,242,SYNTHETIC,2026-02-20
DVA,DVA Inc.,Q4 2024,2025-01-31,2024,4,233,SYNTHETIC,2026-02-20
DAL,DAL Inc.,Q2 2024,2024-07-31,2024,2,246,SYNTHETIC,2026-02-20
DAL,DAL Inc.,Q3 2024,2024-10-31,2024,3,208,SYNTHETIC,2026-02-20
DAL,DAL Inc.,Q4 2024,2025-01-31,2024,4,233,SYNTHETIC,2026-02-20
MTB,MTB Inc.,Q2 2024,2024-07-31,2024,2,234,SYNTHETIC,2026-02-20
MTB,MTB Inc.,Q3 2024,2024-10-31,2024,3,188,SYNTHETIC,2026-02-20
MTB,MTB Inc.,Q4 2024,2025-01-31,2024,4,253,SYNTHETIC,2026-02-20
MPC,MPC Inc.,Q2 2024,2024-07-31,2024,2,226,SYNTHETIC,2026-02-20
MPC,MPC Inc.,Q3 2024,2024-10-31,2024,3,211,SYNTHETIC,2026-02-20
MPC,MPC Inc.,Q4 2024,2025-01-31,2024,4,180,SYNTHETIC,2026-02-20
LII,LII Inc.,Q2 2024,2024-07-31,2024,2,200,SYNTHETIC,2026-02-20
LII,LII Inc.,Q3 2024,2024-10-31,2024,3,197,SYNTHETIC,2026-02-20
LII,LII Inc.,Q4 2024,2025-01-31,2024,4,234,SYNTHETIC,2026-02-20
LLY,LLY Inc.,Q2 2024,2024-07-31,2024,2,188,SYNTHETIC,2026-02-20
LLY,LLY Inc.,Q3 2024,2024-10-31,2024,3,204,SYNTHETIC,2026-02-20
LLY,LLY Inc.,Q4 2024,2025-01-31,2024,4,179,SYNTHETIC,2026-02-20
LIN,LIN Inc.,Q2 2024,2024-07-31,2024,2,188,SYNTHETIC,2026-02-20
LIN,LIN Inc.,Q3 2024,2024-10-31,2024,3,190,SYNTHETIC,2026-02-20
LIN,LIN Inc.,Q4 2024,2025-01-31,2024,4,211,SYNTHETIC,2026-02-20
KMI,KMI Inc.,Q2 2024,2024-07-31,2024,2,233,SYNTHETIC,2026-02-20
KMI,KMI Inc.,Q3 2024,2024-10-31,2024,3,246,SYNTHETIC,2026-02-20
KMI,KMI Inc.,Q4 2024,2025-01-31,2024,4,211,SYNTHETIC,2026-02-20
KHC,KHC Inc.,Q2 2024,2024-07-31,2024,2,202,SYNTHETIC,2026-02-20
KHC,KHC Inc.,Q3 2024,2024-10-31,2024,3,244,SYNTHETIC,2026-02-20
KHC,KHC Inc.,Q4 2024,2025-01-31,2024,4,244,SYNTHETIC,2026-02-20
LRCX,LRCX Inc.,Q2 2024,2024-07-31,2024,2,215,SYNTHETIC,2026-02-20
LRCX,LRCX Inc.,Q3 2024,2024-10-31,2024,3,238,SYNTHETIC,2026-02-20
LRCX,LRCX Inc.,Q4 2024,2025-01-31,2024,4,198,SYNTHETIC,2026-02-20
JCI,JCI Inc.,Q2 2024,2024-07-31,2024,2,237,SYNTHETIC,2026-02-20
JCI,JCI Inc.,Q3 2024,2024-10-31,2024,3,207,SYNTHETIC,2026-02-20
JCI,JCI Inc.,Q4 2024,2025-01-31,2024,4,253,SYNTHETIC,2026-02-20
JPM,JPM Inc.,Q2 2024,2024-07-31,2024,2,180,SYNTHETIC,2026-02-20
JPM,JPM Inc.,Q3 2024,2024-10-31,2024,3,179,SYNTHETIC,2026-02-20
JPM,JPM Inc.,Q4 2024,2025-01-31,2024,4,233,SYNTHETIC,2026-02-20
KEY,KEY Inc.,Q2 2024,2024-07-31,2024,2,247,SYNTHETIC,2026-02-20
KEY,KEY Inc.,Q3 2024,2024-10-31,2024,3,172,SYNTHETIC,2026-02-20
KEY,KEY Inc.,Q4 2024,2025-01-31,2024,4,181,SYNTHETIC,2026-02-20
KMB,KMB Inc.,Q2 2024,2024-07-31,2024,2,202,SYNTHETIC,2026-02-20
KMB,KMB Inc.,Q3 2024,2024-10-31,2024,3,188,SYNTHETIC,2026-02-20
KMB,KMB Inc.,Q4 2024,2025-01-31,2024,4,188,SYNTHETIC,2026-02-20
KIM,KIM Inc.,Q2 2024,2024-07-31,2024,2,233,SYNTHETIC,2026-02-20
KIM,KIM Inc.,Q3 2024,2024-10-31,2024,3,189,SYNTHETIC,2026-02-20
KIM,KIM Inc.,Q4 2024,2025-01-31,2024,4,199,SYNTHETIC,2026-02-20
JNJ,JNJ Inc.,Q2 2024,2024-07-31,2024,2,179,SYNTHETIC,2026-02-20
JNJ,JNJ Inc.,Q3 2024,2024-10-31,2024,3,181,SYNTHETIC,2026-02-20
JNJ,JNJ Inc.,Q4 2024,2025-01-31,2024,4,233,SYNTHETIC,2026-02-20
IFF,IFF Inc.,Q2 2024,2024-07-31,2024,2,246,SYNTHETIC,2026-02-20
IFF,IFF Inc.,Q3 2024,2024-10-31,2024,3,235,SYNTHETIC,2026-02-20
IFF,IFF Inc.,Q4 2024,2025-01-31,2024,4,244,SYNTHETIC,2026-02-20
IP,IP Inc.,Q2 2024,2024-07-31,2024,2,188,SYNTHETIC,2026-02-20
IP,IP Inc.,Q3 2024,2024-10-31,2024,3,195,SYNTHETIC,2026-02-20
IP,IP Inc.,Q4 2024,2025-01-31,2024,4,180,SYNTHETIC,2026-02-20
IVZ,IVZ Inc.,Q2 2024,2024-07-31,2024,2,179,SYNTHETIC,2026-02-20
IVZ,IVZ Inc.,Q3 2024,2024-10-31,2024,3,197,SYNTHETIC,2026-02-20
IVZ,IVZ Inc.,Q4 2024,2025-01-31,2024,4,233,SYNTHETIC,2026-02-20
HII,HII Inc.,Q2 2024,2024-07-31,2024,2,179,SYNTHETIC,2026-02-20
HII,HII Inc.,Q3 2024,2024-10-31,2024,3,199,SYNTHETIC,2026-02-20
HII,HII Inc.,Q4 2024,2025-01-31,2024,4,206,SYNTHETIC,2026-02-20
IEX,IEX Inc.,Q2 2024,2024-07-31,2024,2,226,SYNTHETIC,2026-02-20
IEX,IEX Inc.,Q3 2024,2024-10-31,2024,3,208,SYNTHETIC,2026-02-20
IEX,IEX Inc.,Q4 2024,2025-01-31,2024,4,208,SYNTHETIC,2026-02-20
INCY,INCY Inc.,Q2 2024,2024-07-31,2024,2,244,SYNTHETIC,2026-02-20
INCY,INCY Inc.,Q3 2024,2024-10-31,2024,3,245,SYNTHETIC,2026-02-20
INCY,INCY Inc.,Q4 2024,2025-01-31,2024,4,172,SYNTHETIC,2026-02-20
IR,IR Inc.,Q2 2024,2024-07-31,2024,2,211,SYNTHETIC,2026-02-20
IR,IR Inc.,Q3 2024,2024-10-31,2024,3,179,SYNTHETIC,2026-02-20
IR,IR Inc.,Q4 2024,2025-01-31,2024,4,234,SYNTHETIC,2026-02-20
HON,HON Inc.,Q2 2024,2024-07-31,2024,2,181,SYNTHETIC,2026-02-20
HON,HON Inc.,Q3 2024,2024-10-31,2024,3,215,SYNTHETIC,2026-02-20
HON,HON Inc.,Q4 2024,2025-01-31,2024,4,203,SYNTHETIC,2026-02-20
HWM,HWM Inc.,Q2 2024,2024-07-31,2024,2,207,SYNTHETIC,2026-02-20
HWM,HWM Inc.,Q3 2024,2024-10-31,2024,3,204,SYNTHETIC,2026-02-20
HWM,HWM Inc.,Q4 2024,2025-01-31,2024,4,189,SYNTHETIC,2026-02-20
FDX,FDX Inc.,Q2 2024,2024-07-31,2024,2,179,SYNTHETIC,2026-02-20
FDX,FDX Inc.,Q3 2024,2024-10-31,2024,3,203,SYNTHETIC,2026-02-20
FDX,FDX Inc.,Q4 2024,2025-01-31,2024,4,188,SYNTHETIC,2026-02-20
FITB,FITB Inc.,Q2 2024,2024-07-31,2024,2,235,SYNTHETIC,2026-02-20
FITB,FITB Inc.,Q3 2024,2024-10-31,2024,3,195,SYNTHETIC,2026-02-20
FITB,FITB Inc.,Q4 2024,2025-01-31,2024,4,207,SYNTHETIC,2026-02-20
FISV,FISV Inc.,Q2 2024,2024-07-31,2024,2,197,SYNTHETIC,2026-02-20
FISV,FISV Inc.,Q3 2024,2024-10-31,2024,3,235,SYNTHETIC,2026-02-20
FISV,FISV Inc.,Q4 2024,2025-01-31,2024,4,204,SYNTHETIC,2026-02-20
F,F Inc.,Q2 2024,2024-07-31,2024,2,233,SYNTHETIC,2026-02-20
F,F Inc.,Q3 2024,2024-10-31,2024,3,242,SYNTHETIC,2026-02-20
F,F Inc.,Q4 2024,2025-01-31,2024,4,181,SYNTHETIC,2026-02-20
XOM,XOM Inc.,Q2 2024,2024-07-31,2024,2,246,SYNTHETIC,2026-02-20
XOM,XOM Inc.,Q3 2024,2024-10-31,2024,3,199,SYNTHETIC,2026-02-20
XOM,XOM Inc.,Q4 2024,2025-01-31,2024,4,253,SYNTHETIC,2026-02-20
FDS,FDS Inc.,Q2 2024,2024-07-31,2024,2,245,SYNTHETIC,2026-02-20
FDS,FDS Inc.,Q3 2024,2024-10-31,2024,3,204,SYNTHETIC,2026-02-20
FDS,FDS Inc.,Q4 2024,2025-01-31,2024,4,207,SYNTHETIC,2026-02-20
FICO,FICO Inc.,Q2 2024,2024-07-31,2024,2,215,SYNTHETIC,2026-02-20
FICO,FICO Inc.,Q3 2024,2024-10-31,2024,3,203,SYNTHETIC,2026-02-20
FICO,FICO Inc.,Q4 2024,2025-01-31,2024,4,236,SYNTHETIC,2026-02-20
ESS,ESS Inc.,Q2 2024,2024-07-31,2024,2,246,SYNTHETIC,2026-02-20
ESS,ESS Inc.,Q3 2024,2024-10-31,2024,3,188,SYNTHETIC,2026-02-20
ESS,ESS Inc.,Q4 2024,2025-01-31,2024,4,179,SYNTHETIC,2026-02-20
EL,EL Inc.,Q2 2024,2024-07-31,2024,2,233,SYNTHETIC,2026-02-20
EL,EL Inc.,Q3 2024,2024-10-31,2024,3,188,SYNTHETIC,2026-02-20
EL,EL Inc.,Q4 2024,2025-01-31,2024,4,179,SYNTHETIC,2026-02-20
ES,ES Inc.,Q2 2024,2024-07-31,2024,2,211,SYNTHETIC,2026-02-20
ES,ES Inc.,Q3 2024,2024-10-31,2024,3,208,SYNTHETIC,2026-02-20
ES,ES Inc.,Q4 2024,2025-01-31,2024,4,215,SYNTHETIC,2026-02-20
EXPE,EXPE Inc.,Q2 2024,2024-07-31,2024,2,202,SYNTHETIC,2026-02-20
EXPE,EXPE Inc.,Q3 2024,2024-10-31,2024,3,203,SYNTHETIC,2026-02-20
EXPE,EXPE Inc.,Q4 2024,2025-01-31,2024,4,244,SYNTHETIC,2026-02-20
EQIX,EQIX Inc.,Q2 2024,2024-07-31,2024,2,244,SYNTHETIC,2026-02-20
EQIX,EQIX Inc.,Q3 2024,2024-10-31,2024,3,206,SYNTHETIC,2026-02-20
EQIX,EQIX Inc.,Q4 2024,2025-01-31,2024,4,204,SYNTHETIC,2026-02-20
EQR,EQR Inc.,Q2 2024,2024-07-31,2024,2,188,SYNTHETIC,2026-02-20
EQR,EQR Inc.,Q3 2024,2024-10-31,2024,3,253,SYNTHETIC,2026-02-20
EQR,EQR Inc.,Q4 2024,2025-01-31,2024,4,181,SYNTHETIC,2026-02-20
HCA,HCA Inc.,Q2 2024,2024-07-31,2024,2,195,SYNTHETIC,2026-02-20
HCA,HCA Inc.,Q3 2024,2024-10-31,2024,3,179,SYNTHETIC,2026-02-20
HCA,HCA Inc.,Q4 2024,2025-01-31,2024,4,172,SYNTHETIC,2026-02-20
DOC,DOC Inc.,Q2 2024,2024-07-31,2024,2,204,SYNTHETIC,2026-02-20
DOC,DOC Inc.,Q3 2024,2024-10-31,2024,3,188,SYNTHETIC,2026-02-20
DOC,DOC Inc.,Q4 2024,2025-01-31,2024,4,237,SYNTHETIC,2026-02-20
HSY,HSY Inc.,Q2 2024,2024-07-31,2024,2,244,SYNTHETIC,2026-02-20
HSY,HSY Inc.,Q3 2024,2024-10-31,2024,3,189,SYNTHETIC,2026-02-20
HSY,HSY Inc.,Q4 2024,2025-01-31,2024,4,188,SYNTHETIC,2026-02-20
HLT,HLT Inc.,Q2 2024,2024-07-31,2024,2,188,SYNTHETIC,2026-02-20
HLT,HLT Inc.,Q3 2024,2024-10-31,2024,3,253,SYNTHETIC,2026-02-20
HLT,HLT Inc.,Q4 2024,2025-01-31,2024,4,235,SYNTHETIC,2026-02-20
HOLX,HOLX Inc.,Q2 2024,2024-07-31,2024,2,233,SYNTHETIC,2026-02-20
HOLX,HOLX Inc.,Q3 2024,2024-10-31,2024,3,234,SYNTHETIC,2026-02-20
HOLX,HOLX Inc.,Q4 2024,2025-01-31,2024,4,234,SYNTHETIC,2026-02-20
GILD,GILD Inc.,Q2 2024,2024-07-31,2024,2,242,SYNTHETIC,2026-02-20
GILD,GILD Inc.,Q3 2024,2024-10-31,2024,3,235,SYNTHETIC,2026-02-20
GILD,GILD Inc.,Q4 2024,2025-01-31,2024,4,204,SYNTHETIC,2026-02-20
GS,GS Inc.,Q2 2024,2024-07-31,2024,2,215,SYNTHETIC,2026-02-20
GS,GS Inc.,Q3 2024,2024-10-31,2024,3,188,SYNTHETIC,2026-02-20
GS,GS Inc.,Q4 2024,2025-01-31,2024,4,246,SYNTHETIC,2026-02-20
HAS,HAS Inc.,Q2 2024,2024-07-31,2024,2,191,SYNTHETIC,2026-02-20
HAS,HAS Inc.,Q3 2024,2024-10-31,2024,3,235,SYNTHETIC,2026-02-20
HAS,HAS Inc.,Q4 2024,2025-01-31,2024,4,233,SYNTHETIC,2026-02-20
GEHC,GEHC Inc.,Q2 2024,2024-07-31,2024,2,211,SYNTHETIC,2026-02-20
GEHC,GEHC Inc.,Q3 2024,2024-10-31,2024,3,188,SYNTHETIC,2026-02-20
GEHC,GEHC Inc.,Q4 2024,2025-01-31,2024,4,237,SYNTHETIC,2026-02-20
GEN,GEN Inc.,Q2 2024,2024-07-31,2024,2,179,SYNTHETIC,2026-02-20
GEN,GEN Inc.,Q3 2024,2024-10-31,2024,3,215,SYNTHETIC,2026-02-20
GEN,GEN Inc.,Q4 2024,2025-01-31,2024,4,181,SYNTHETIC,2026-02-20
GD,GD Inc.,Q2 2024,2024-07-31,2024,2,197,SYNTHETIC,2026-02-20
GD,GD Inc.,Q3 2024,2024-10-31,2024,3,189,SYNTHETIC,2026-02-20
GD,GD Inc.,Q4 2024,2025-01-31,2024,4,246,SYNTHETIC,2026-02-20
GM,GM Inc.,Q2 2024,2024-07-31,2024,2,206,SYNTHETIC,2026-02-20
GM,GM Inc.,Q3 2024,2024-10-31,2024,3,226,SYNTHETIC,2026-02-20
GM,GM Inc.,Q4 2024,2025-01-31,2024,4,233,SYNTHETIC,2026-02-20
FTV,FTV Inc.,Q2 2024,2024-07-31,2024,2,200,SYNTHETIC,2026-02-20
FTV,FTV Inc.,Q3 2024,2024-10-31,2024,3,242,SYNTHETIC,2026-02-20
FTV,FTV Inc.,Q4 2024,2025-01-31,2024,4,172,SYNTHETIC,2026-02-20
FCX,FCX Inc.,Q2 2024,2024-07-31,2024,2,244,SYNTHETIC,2026-02-20
FCX,FCX Inc.,Q3 2024,2024-10-31,2024,3,179,SYNTHETIC,2026-02-20
FCX,FCX Inc.,Q4 2024,2025-01-31,2024,4,226,SYNTHETIC,2026-02-20
IT,IT Inc.,Q2 2024,2024-07-31,2024,2,203,SYNTHETIC,2026-02-20
IT,IT Inc.,Q3 2024,2024-10-31,2024,3,200,SYNTHETIC,2026-02-20
IT,IT Inc.,Q4 2024,2025-01-31,2024,4,189,SYNTHETIC,2026-02-20
GE,GE Inc.,Q2 2024,2024-07-31,2024,2,243,SYNTHETIC,2026-02-20
GE,GE Inc.,Q3 2024,2024-10-31,2024,3,233,SYNTHETIC,2026-02-20
GE,GE Inc.,Q4 2024,2025-01-31,2024,4,189,SYNTHETIC,2026-02-20
WM,WM Inc.,Q2 2024,2024-07-31,2024,2,202,SYNTHETIC,2026-02-20
WM,WM Inc.,Q3 2024,2024-10-31,2024,3,236,SYNTHETIC,2026-02-20
WM,WM Inc.,Q4 2024,2025-01-31,2024,4,235,SYNTHETIC,2026-02-20
WELL,WELL Inc.,Q2 2024,2024-07-31,2024,2,204,SYNTHETIC,2026-02-20
WELL,WELL Inc.,Q3 2024,2024-10-31,2024,3,253,SYNTHETIC,2026-02-20
WELL,WELL Inc.,Q4 2024,2025-01-31,2024,4,233,SYNTHETIC,2026-02-20
WST,WST Inc.,Q2 2024,2024-07-31,2024,2,233,SYNTHETIC,2026-02-20
WST,WST Inc.,Q3 2024,2024-10-31,2024,3,202,SYNTHETIC,2026-02-20
WST,WST Inc.,Q4 2024,2025-01-31,2024,4,173,SYNTHETIC,2026-02-20
WDC,WDC Inc.,Q2 2024,2024-07-31,2024,2,244,SYNTHETIC,2026-02-20
WDC,WDC Inc.,Q3 2024,2024-10-31,2024,3,234,SYNTHETIC,2026-02-20
WDC,WDC Inc.,Q4 2024,2025-01-31,2024,4,206,SYNTHETIC,2026-02-20
DIS,DIS Inc.,Q2 2024,2024-07-31,2024,2,215,SYNTHETIC,2026-02-20
DIS,DIS Inc.,Q3 2024,2024-10-31,2024,3,181,SYNTHETIC,2026-02-20
DIS,DIS Inc.,Q4 2024,2025-01-31,2024,4,190,SYNTHETIC,2026-02-20
VLTO,VLTO Inc.,Q2 2024,2024-07-31,2024,2,204,SYNTHETIC,2026-02-20
VLTO,VLTO Inc.,Q3 2024,2024-10-31,2024,3,203,SYNTHETIC,2026-02-20
VLTO,VLTO Inc.,Q4 2024,2025-01-31,2024,4,237,SYNTHETIC,2026-02-20
VRTX,VRTX Inc.,Q2 2024,2024-07-31,2024,2,244,SYNTHETIC,2026-02-20
VRTX,VRTX Inc.,Q3 2024,2024-10-31,2024,3,206,SYNTHETIC,2026-02-20
VRTX,VRTX Inc.,Q4 2024,2025-01-31,2024,4,199,SYNTHETIC,2026-02-20
UNP,UNP Inc.,Q2 2024,2024-07-31,2024,2,197,SYNTHETIC,2026-02-20
UNP,UNP Inc.,Q3 2024,2024-10-31,2024,3,197,SYNTHETIC,2026-02-20
UNP,UNP Inc.,Q4 2024,2025-01-31,2024,4,199,SYNTHETIC,2026-02-20
UNH,UNH Inc.,Q2 2024,2024-07-31,2024,2,211,SYNTHETIC,2026-02-20
UNH,UNH Inc.,Q3 2024,2024-10-31,2024,3,206,SYNTHETIC,2026-02-20
UNH,UNH Inc.,Q4 2024,2025-01-31,2024,4,188,SYNTHETIC,2026-02-20
VLO,VLO Inc.,Q2 2024,2024-07-31,2024,2,182,SYNTHETIC,2026-02-20
VLO,VLO Inc.,Q3 2024,2024-10-31,2024,3,179,SYNTHETIC,2026-02-20
VLO,VLO Inc.,Q4 2024,2025-01-31,2024,4,208,SYNTHETIC,2026-02-20
AON,AON Inc.,Q2 2024,2024-07-31,2024,2,188,SYNTHETIC,2026-02-20
AON,AON Inc.,Q3 2024,2024-10-31,2024,3,233,SYNTHETIC,2026-02-20
AON,AON Inc.,Q4 2024,2025-01-31,2024,4,207,SYNTHETIC,2026-02-20
APP,APP Inc.,Q2 2024,2024-07-31,2024,2,199,SYNTHETIC,2026-02-20
APP,APP Inc.,Q3 2024,2024-10-31,2024,3,197,SYNTHETIC,2026-02-20
APP,APP Inc.,Q4 2024,2025-01-31,2024,4,202,SYNTHETIC,2026-02-20
APTV,APTV Inc.,Q2 2024,2024-07-31,2024,2,202,SYNTHETIC,2026-02-20
APTV,APTV Inc.,Q3 2024,2024-10-31,2024,3,203,SYNTHETIC,2026-02-20
APTV,APTV Inc.,Q4 2024,2025-01-31,2024,4,244,SYNTHETIC,2026-02-20
ACGL,ACGL Inc.,Q2 2024,2024-07-31,2024,2,199,SYNTHETIC,2026-02-20
ACGL,ACGL Inc.,Q3 2024,2024-10-31,2024,3,180,SYNTHETIC,2026-02-20
ACGL,ACGL Inc.,Q4 2024,2025-01-31,2024,4,180,SYNTHETIC,2026-02-20
GOOGL,GOOGL Inc.,Q2 2024,2024-07-31,2024,2,195,SYNTHETIC,2026-02-20
GOOGL,GOOGL Inc.,Q3 2024,2024-10-31,2024,3,235,SYNTHETIC,2026-02-20
GOOGL,GOOGL Inc.,Q4 2024,2025-01-31,2024,4,200,SYNTHETIC,2026-02-20
GOOG,GOOG Inc.,Q2 2024,2024-07-31,2024,2,203,SYNTHETIC,2026-02-20
GOOG,GOOG Inc.,Q3 2024,2024-10-31,2024,3,188,SYNTHETIC,2026-02-20
GOOG,GOOG Inc.,Q4 2024,2025-01-31,2024,4,234,SYNTHETIC,2026-02-20
AEP,AEP Inc.,Q2 2024,2024-07-31,2024,2,244,SYNTHETIC,2026-02-20
AEP,AEP Inc.,Q3 2024,2024-10-31,2024,3,253,SYNTHETIC,2026-02-20
AEP,AEP Inc.,Q4 2024,2025-01-31,2024,4,247,SYNTHETIC,2026-02-20
ABNB,ABNB Inc.,Q2 2024,2024-07-31,2024,2,215,SYNTHETIC,2026-02-20
ABNB,ABNB Inc.,Q3 2024,2024-10-31,2024,3,236,SYNTHETIC,2026-02-20
ABNB,ABNB Inc.,Q4 2024,2025-01-31,2024,4,190,SYNTHETIC,2026-02-20
ALB,ALB Inc.,Q2 2024,2024-07-31,2024,2,188,SYNTHETIC,2026-02-20
ALB,ALB Inc.,Q3 2024,2024-10-31,2024,3,235,SYNTHETIC,2026-02-20
ALB,ALB Inc.,Q4 2024,2025-01-31,2024,4,211,SYNTHETIC,2026-02-20
ARE,ARE Inc.,Q2 2024,2024-07-31,2024,2,211,SYNTHETIC,2026-02-20
ARE,ARE Inc.,Q3 2024,2024-10-31,2024,3,203,SYNTHETIC,2026-02-20
ARE,ARE Inc.,Q4 2024,2025-01-31,2024,4,253,SYNTHETIC,2026-02-20
ALGN,ALGN Inc.,Q2 2024,2024-07-31,2024,2,202,SYNTHETIC,2026-02-20
ALGN,ALGN Inc.,Q3 2024,2024-10-31,2024,3,242,SYNTHETIC,2026-02-20
ALGN,ALGN Inc.,Q4 2024,2025-01-31,2024,4,172,SYNTHETIC,2026-02-20
ALL,ALL Inc.,Q2 2024,2024-07-31,2024,2,189,SYNTHETIC,2026-02-20
ALL,ALL Inc.,Q3 2024,2024-10-31,2024,3,208,SYNTHETIC,2026-02-20
ALL,ALL Inc.,Q4 2024,2025-01-31,2024,4,246,SYNTHETIC,2026-02-20
ZTS,ZTS Inc.,Q2 2024,2024-07-31,2024,2,209,SYNTHETIC,2026-02-20
ZTS,ZTS Inc.,Q3 2024,2024-10-31,2024,3,197,SYNTHETIC,2026-02-20
ZTS,ZTS Inc.,Q4 2024,2025-01-31,2024,4,237,SYNTHETIC,2026-02-20
AKAM,AKAM Inc.,Q2 2024,2024-07-31,2024,2,188,SYNTHETIC,2026-02-20
AKAM,AKAM Inc.,Q3 2024,2024-10-31,2024,3,237,SYNTHETIC,2026-02-20
AKAM,AKAM Inc.,Q4 2024,2025-01-31,2024,4,195,SYNTHETIC,2026-02-20
ALLE,ALLE Inc.,Q2 2024,2024-07-31,2024,2,195,SYNTHETIC,2026-02-20
ALLE,ALLE Inc.,Q3 2024,2024-10-31,2024,3,242,SYNTHETIC,2026-02-20
ALLE,ALLE Inc.,Q4 2024,2025-01-31,2024,4,188,SYNTHETIC,2026-02-20
LNT,LNT Inc.,Q2 2024,2024-07-31,2024,2,245,SYNTHETIC,2026-02-20
LNT,LNT Inc.,Q3 2024,2024-10-31,2024,3,189,SYNTHETIC,2026-02-20
LNT,LNT Inc.,Q4 2024,2025-01-31,2024,4,181,SYNTHETIC,2026-02-20
MO,MO Inc.,Q2 2024,2024-07-31,2024,2,197,SYNTHETIC,2026-02-20
MO,MO Inc.,Q3 2024,2024-10-31,2024,3,244,SYNTHETIC,2026-02-20
MO,MO Inc.,Q4 2024,2025-01-31,2024,4,226,SYNTHETIC,2026-02-20
ZBRA,ZBRA Inc.,Q2 2024,2024-07-31,2024,2,254,SYNTHETIC,2026-02-20
ZBRA,ZBRA Inc.,Q3 2024,2024-10-31,2024,3,180,SYNTHETIC,2026-02-20
ZBRA,ZBRA Inc.,Q4 2024,2025-01-31,2024,4,233,SYNTHETIC,2026-02-20
ABT,ABT Inc.,Q2 2024,2024-07-31,2024,2,189,SYNTHETIC,2026-02-20
ABT,ABT Inc.,Q3 2024,2024-10-31,2024,3,182,SYNTHETIC,2026-02-20
ABT,ABT Inc.,Q4 2024,2025-01-31,2024,4,200,SYNTHETIC,2026-02-20
AEE,AEE Inc.,Q2 2024,2024-07-31,2024,2,238,SYNTHETIC,2026-02-20
AEE,AEE Inc.,Q3 2024,2024-10-31,2024,3,204,SYNTHETIC,2026-02-20
AEE,AEE Inc.,Q4 2024,2025-01-31,2024,4,215,SYNTHETIC,2026-02-20
AXP,AXP Inc.,Q2 2024,2024-07-31,2024,2,181,SYNTHETIC,2026-02-20
AXP,AXP Inc.,Q3 2024,2024-10-31,2024,3,234,SYNTHETIC,2026-02-20
AXP,AXP Inc.,Q4 2024,2025-01-31,2024,4,253,SYNTHETIC,2026-02-20
AIG,AIG Inc.,Q2 2024,2024-07-31,2024,2,190,SYNTHETIC,2026-02-20
AIG,AIG Inc.,Q3 2024,2024-10-31,2024,3,204,SYNTHETIC,2026-02-20
AIG,AIG Inc.,Q4 2024,2025-01-31,2024,4,235,SYNTHETIC,2026-02-20
AMT,AMT Inc.,Q2 2024,2024-07-31,2024,2,246,SYNTHETIC,2026-02-20
AMT,AMT Inc.,Q3 2024,2024-10-31,2024,3,242,SYNTHETIC,2026-02-20
AMT,AMT Inc.,Q4 2024,2025-01-31,2024,4,235,SYNTHETIC,2026-02-20
AWK,AWK Inc.,Q2 2024,2024-07-31,2024,2,208,SYNTHETIC,2026-02-20
AWK,AWK Inc.,Q3 2024,2024-10-31,2024,3,242,SYNTHETIC,2026-02-20
AWK,AWK Inc.,Q4 2024,2025-01-31,2024,4,226,SYNTHETIC,2026-02-20
AMP,AMP Inc.,Q2 2024,2024-07-31,2024,2,253,SYNTHETIC,2026-02-20
AMP,AMP Inc.,Q3 2024,2024-10-31,2024,3,215,SYNTHETIC,2026-02-20
AMP,AMP Inc.,Q4 2024,2025-01-31,2024,4,244,SYNTHETIC,2026-02-20
BRK-B,BRK-B Inc.,Q2 2024,2024-07-31,2024,2,195,SYNTHETIC,2026-02-20
BRK-B,BRK-B Inc.,Q3 2024,2024-10-31,2024,3,197,SYNTHETIC,2026-02-20
BRK-B,BRK-B Inc.,Q4 2024,2025-01-31,2024,4,234,SYNTHETIC,2026-02-20
BBY,BBY Inc.,Q2 2024,2024-07-31,2024,2,191,SYNTHETIC,2026-02-20
BBY,BBY Inc.,Q3 2024,2024-10-31,2024,3,190,SYNTHETIC,2026-02-20
BBY,BBY Inc.,Q4 2024,2025-01-31,2024,4,207,SYNTHETIC,2026-02-20
TECH,TECH Inc.,Q2 2024,2024-07-31,2024,2,226,SYNTHETIC,2026-02-20
TECH,TECH Inc.,Q3 2024,2024-10-31,2024,3,180,SYNTHETIC,2026-02-20
TECH,TECH Inc.,Q4 2024,2025-01-31,2024,4,189,SYNTHETIC,2026-02-20
BLK,BLK Inc.,Q2 2024,2024-07-31,2024,2,180,SYNTHETIC,2026-02-20
BLK,BLK Inc.,Q3 2024,2024-10-31,2024,3,246,SYNTHETIC,2026-02-20
BLK,BLK Inc.,Q4 2024,2025-01-31,2024,4,188,SYNTHETIC,2026-02-20
BX,BX Inc.,Q2 2024,2024-07-31,2024,2,233,SYNTHETIC,2026-02-20
BX,BX Inc.,Q3 2024,2024-10-31,2024,3,203,SYNTHETIC,2026-02-20
BX,BX Inc.,Q4 2024,2025-01-31,2024,4,208,SYNTHETIC,2026-02-20
XYZ,XYZ Inc.,Q2 2024,2024-07-31,2024,2,209,SYNTHETIC,2026-02-20
XYZ,XYZ Inc.,Q3 2024,2024-10-31,2024,3,207,SYNTHETIC,2026-02-20
XYZ,XYZ Inc.,Q4 2024,2025-01-31,2024,4,242,SYNTHETIC,2026-02-20
ARES,ARES Inc.,Q2 2024,2024-07-31,2024,2,207,SYNTHETIC,2026-02-20
ARES,ARES Inc.,Q3 2024,2024-10-31,2024,3,233,SYNTHETIC,2026-02-20
ARES,ARES Inc.,Q4 2024,2025-01-31,2024,4,215,SYNTHETIC,2026-02-20
ANET,ANET Inc.,Q2 2024,2024-07-31,2024,2,202,SYNTHETIC,2026-02-20
ANET,ANET Inc.,Q3 2024,2024-10-31,2024,3,188,SYNTHETIC,2026-02-20
ANET,ANET Inc.,Q4 2024,2025-01-31,2024,4,199,SYNTHETIC,2026-02-20
ATO,ATO Inc.,Q2 2024,2024-07-31,2024,2,244,SYNTHETIC,2026-02-20
ATO,ATO Inc.,Q3 2024,2024-10-31,2024,3,179,SYNTHETIC,2026-02-20
ATO,ATO Inc.,Q4 2024,2025-01-31,2024,4,233,SYNTHETIC,2026-02-20
ADSK,ADSK Inc.,Q2 2024,2024-07-31,2024,2,188,SYNTHETIC,2026-02-20
ADSK,ADSK Inc.,Q3 2024,2024-10-31,2024,3,247,SYNTHETIC,2026-02-20
ADSK,ADSK Inc.,Q4 2024,2025-01-31,2024,4,202,SYNTHETIC,2026-02-20
ADP,ADP Inc.,Q2 2024,2024-07-31,2024,2,202,SYNTHETIC,2026-02-20
ADP,ADP Inc.,Q3 2024,2024-10-31,2024,3,236,SYNTHETIC,2026-02-20
ADP,ADP Inc.,Q4 2024,2025-01-31,2024,4,202,SYNTHETIC,2026-02-20
BAC,BAC Inc.,Q2 2024,2024-07-31,2024,2,215,SYNTHETIC,2026-02-20
BAC,BAC Inc.,Q3 2024,2024-10-31,2024,3,235,SYNTHETIC,2026-02-20
BAC,BAC Inc.,Q4 2024,2025-01-31,2024,4,234,SYNTHETIC,2026-02-20
SWKS,SWKS Inc.,Q2 2024,2024-07-31,2024,2,253,SYNTHETIC,2026-02-20
SWKS,SWKS Inc.,Q3 2024,2024-10-31,2024,3,244,SYNTHETIC,2026-02-20
SWKS,SWKS Inc.,Q4 2024,2025-01-31,2024,4,234,SYNTHETIC,2026-02-20
SJM,SJM Inc.,Q2 2024,2024-07-31,2024,2,207,SYNTHETIC,2026-02-20
SJM,SJM Inc.,Q3 2024,2024-10-31,2024,3,195,SYNTHETIC,2026-02-20
SJM,SJM Inc.,Q4 2024,2025-01-31,2024,4,203,SYNTHETIC,2026-02-20
SW,SW Inc.,Q2 2024,2024-07-31,2024,2,190,SYNTHETIC,2026-02-20
SW,SW Inc.,Q3 2024,2024-10-31,2024,3,181,SYNTHETIC,2026-02-20
SW,SW Inc.,Q4 2024,2025-01-31,2024,4,202,SYNTHETIC,2026-02-20
SOLV,SOLV Inc.,Q2 2024,2024-07-31,2024,2,181,SYNTHETIC,2026-02-20
SOLV,SOLV Inc.,Q3 2024,2024-10-31,2024,3,188,SYNTHETIC,2026-02-20
SOLV,SOLV Inc.,Q4 2024,2025-01-31,2024,4,235,SYNTHETIC,2026-02-20
SO,SO Inc.,Q2 2024,2024-07-31,2024,2,180,SYNTHETIC,2026-02-20
SO,SO Inc.,Q3 2024,2024-10-31,2024,3,243,SYNTHETIC,2026-02-20
SO,SO Inc.,Q4 2024,2025-01-31,2024,4,253,SYNTHETIC,2026-02-20
LUV,LUV Inc.,Q2 2024,2024-07-31,2024,2,197,SYNTHETIC,2026-02-20
LUV,LUV Inc.,Q3 2024,2024-10-31,2024,3,172,SYNTHETIC,2026-02-20
LUV,LUV Inc.,Q4 2024,2025-01-31,2024,4,246,SYNTHETIC,2026-02-20
STE,STE Inc.,Q2 2024,2024-07-31,2024,2,242,SYNTHETIC,2026-02-20
STE,STE Inc.,Q3 2024,2024-10-31,2024,3,226,SYNTHETIC,2026-02-20
STE,STE Inc.,Q4 2024,2025-01-31,2024,4,245,SYNTHETIC,2026-02-20
SYK,SYK Inc.,Q2 2024,2024-07-31,2024,2,208,SYNTHETIC,2026-02-20
SYK,SYK Inc.,Q3 2024,2024-10-31,2024,3,197,SYNTHETIC,2026-02-20
SYK,SYK Inc.,Q4 2024,2025-01-31,2024,4,188,SYNTHETIC,2026-02-20
SNDK,SNDK Inc.,Q2 2024,2024-07-31,2024,2,195,SYNTHETIC,2026-02-20
SNDK,SNDK Inc.,Q3 2024,2024-10-31,2024,3,195,SYNTHETIC,2026-02-20
SNDK,SNDK Inc.,Q4 2024,2025-01-31,2024,4,208,SYNTHETIC,2026-02-20
SLB,SLB Inc.,Q2 2024,2024-07-31,2024,2,199,SYNTHETIC,2026-02-20
SLB,SLB Inc.,Q3 2024,2024-10-31,2024,3,246,SYNTHETIC,2026-02-20
SLB,SLB Inc.,Q4 2024,2025-01-31,2024,4,246,SYNTHETIC,2026-02-20
STX,STX Inc.,Q2 2024,2024-07-31,2024,2,189,SYNTHETIC,2026-02-20
STX,STX Inc.,Q3 2024,2024-10-31,2024,3,197,SYNTHETIC,2026-02-20
STX,STX Inc.,Q4 2024,2025-01-31,2024,4,207,SYNTHETIC,2026-02-20
SPG,SPG Inc.,Q2 2024,2024-07-31,2024,2,235,SYNTHETIC,2026-02-20
SPG,SPG Inc.,Q3 2024,2024-10-31,2024,3,234,SYNTHETIC,2026-02-20
SPG,SPG Inc.,Q4 2024,2025-01-31,2024,4,189,SYNTHETIC,2026-02-20
FRT,FRT Inc.,Q2 2024,2024-07-31,2024,2,202,SYNTHETIC,2026-02-20
FRT,FRT Inc.,Q3 2024,2024-10-31,2024,3,188,SYNTHETIC,2026-02-20
FRT,FRT Inc.,Q4 2024,2025-01-31,2024,4,195,SYNTHETIC,2026-02-20
FSLR,FSLR Inc.,Q2 2024,2024-07-31,2024,2,189,SYNTHETIC,2026-02-20
FSLR,FSLR Inc.,Q3 2024,2024-10-31,2024,3,246,SYNTHETIC,2026-02-20
FSLR,FSLR Inc.,Q4 2024,2025-01-31,2024,4,211,SYNTHETIC,2026-02-20
FE,FE Inc.,Q2 2024,2024-07-31,2024,2,244,SYNTHETIC,2026-02-20
FE,FE Inc.,Q3 2024,2024-10-31,2024,3,208,SYNTHETIC,2026-02-20
FE,FE Inc.,Q4 2024,2025-01-31,2024,4,180,SYNTHETIC,2026-02-20
FTNT,FTNT Inc.,Q2 2024,2024-07-31,2024,2,211,SYNTHETIC,2026-02-20
FTNT,FTNT Inc.,Q3 2024,2024-10-31,2024,3,216,SYNTHETIC,2026-02-20
FTNT,FTNT Inc.,Q4 2024,2025-01-31,2024,4,190,SYNTHETIC,2026-02-20
EQT,EQT Inc.,Q2 2024,2024-07-31,2024,2,207,SYNTHETIC,2026-02-20
EQT,EQT Inc.,Q3 2024,2024-10-31,2024,3,244,SYNTHETIC,2026-02-20
EQT,EQT Inc.,Q4 2024,2025-01-31,2024,4,207,SYNTHETIC,2026-02-20
EFX,EFX Inc.,Q2 2024,2024-07-31,2024,2,203,SYNTHETIC,2026-02-20
EFX,EFX Inc.,Q3 2024,2024-10-31,2024,3,234,SYNTHETIC,2026-02-20
EFX,EFX Inc.,Q4 2024,2025-01-31,2024,4,188,SYNTHETIC,2026-02-20
ERIE,ERIE Inc.,Q2 2024,2024-07-31,2024,2,179,SYNTHETIC,2026-02-20
ERIE,ERIE Inc.,Q3 2024,2024-10-31,2024,3,206,SYNTHETIC,2026-02-20
ERIE,ERIE Inc.,Q4 2024,2025-01-31,2024,4,234,SYNTHETIC,2026-02-20
EG,EG Inc.,Q2 2024,2024-07-31,2024,2,188,SYNTHETIC,2026-02-20
EG,EG Inc.,Q3 2024,2024-10-31,2024,3,245,SYNTHETIC,2026-02-20
EG,EG Inc.,Q4 2024,2025-01-31,2024,4,211,SYNTHETIC,2026-02-20
EVRG,EVRG Inc.,Q2 2024,2024-07-31,2024,2,208,SYNTHETIC,2026-02-20
EVRG,EVRG Inc.,Q3 2024,2024-10-31,2024,3,199,SYNTHETIC,2026-02-20
EVRG,EVRG Inc.,Q4 2024,2025-01-31,2024,4,189,SYNTHETIC,2026-02-20
EXC,EXC Inc.,Q2 2024,2024-07-31,2024,2,209,SYNTHETIC,2026-02-20
EXC,EXC Inc.,Q3 2024,2024-10-31,2024,3,234,SYNTHETIC,2026-02-20
EXC,EXC Inc.,Q4 2024,2025-01-31,2024,4,204,SYNTHETIC,2026-02-20
EXE,EXE Inc.,Q2 2024,2024-07-31,2024,2,253,SYNTHETIC,2026-02-20
EXE,EXE Inc.,Q3 2024,2024-10-31,2024,3,172,SYNTHETIC,2026-02-20
EXE,EXE Inc.,Q4 2024,2025-01-31,2024,4,211,SYNTHETIC,2026-02-20
EXPD,EXPD Inc.,Q2 2024,2024-07-31,2024,2,190,SYNTHETIC,2026-02-20
EXPD,EXPD Inc.,Q3 2024,2024-10-31,2024,3,208,SYNTHETIC,2026-02-20
EXPD,EXPD Inc.,Q4 2024,2025-01-31,2024,4,253,SYNTHETIC,2026-02-20
HAL,HAL Inc.,Q2 2024,2024-07-31,2024,2,207,SYNTHETIC,2026-02-20
HAL,HAL Inc.,Q3 2024,2024-10-31,2024,3,188,SYNTHETIC,2026-02-20
HAL,HAL Inc.,Q4 2024,2025-01-31,2024,4,207,SYNTHETIC,2026-02-20
HIG,HIG Inc.,Q2 2024,2024-07-31,2024,2,211,SYNTHETIC,2026-02-20
HIG,HIG Inc.,Q3 2024,2024-10-31,2024,3,235,SYNTHETIC,2026-02-20
HIG,HIG Inc.,Q4 2024,2025-01-31,2024,4,235,SYNTHETIC,2026-02-20
HSIC,HSIC Inc.,Q2 2024,2024-07-31,2024,2,253,SYNTHETIC,2026-02-20
HSIC,HSIC Inc.,Q3 2024,2024-10-31,2024,3,206,SYNTHETIC,2026-02-20
HSIC,HSIC Inc.,Q4 2024,2025-01-31,2024,4,188,SYNTHETIC,2026-02-20
HPE,HPE Inc.,Q2 2024,2024-07-31,2024,2,180,SYNTHETIC,2026-02-20
HPE,HPE Inc.,Q3 2024,2024-10-31,2024,3,245,SYNTHETIC,2026-02-20
HPE,HPE Inc.,Q4 2024,2025-01-31,2024,4,235,SYNTHETIC,2026-02-20
ETR,ETR Inc.,Q2 2024,2024-07-31,2024,2,188,SYNTHETIC,2026-02-20
ETR,ETR Inc.,Q3 2024,2024-10-31,2024,3,191,SYNTHETIC,2026-02-20
ETR,ETR Inc.,Q4 2024,2025-01-31,2024,4,208,SYNTHETIC,2026-02-20
EOG,EOG Inc.,Q2 2024,2024-07-31,2024,2,200,SYNTHETIC,2026-02-20
EOG,EOG Inc.,Q3 2024,2024-10-31,2024,3,238,SYNTHETIC,2026-02-20
EOG,EOG Inc.,Q4 2024,2025-01-31,2024,4,190,SYNTHETIC,2026-02-20
GEV,GEV Inc.,Q2 2024,2024-07-31,2024,2,190,SYNTHETIC,2026-02-20
GEV,GEV Inc.,Q3 2024,2024-10-31,2024,3,245,SYNTHETIC,2026-02-20
GEV,GEV Inc.,Q4 2024,2025-01-31,2024,4,206,SYNTHETIC,2026-02-20
GNRC,GNRC Inc.,Q2 2024,2024-07-31,2024,2,179,SYNTHETIC,2026-02-20
GNRC,GNRC Inc.,Q3 2024,2024-10-31,2024,3,195,SYNTHETIC,2026-02-20
GNRC,GNRC Inc.,Q4 2024,2025-01-31,2024,4,208,SYNTHETIC,2026-02-20
GIS,GIS Inc.,Q2 2024,2024-07-31,2024,2,245,SYNTHETIC,2026-02-20
GIS,GIS Inc.,Q3 2024,2024-10-31,2024,3,234,SYNTHETIC,2026-02-20
GIS,GIS Inc.,Q4 2024,2025-01-31,2024,4,181,SYNTHETIC,2026-02-20
GPN,GPN Inc.,Q2 2024,2024-07-31,2024,2,202,SYNTHETIC,2026-02-20
GPN,GPN Inc.,Q3 2024,2024-10-31,2024,3,204,SYNTHETIC,2026-02-20
GPN,GPN Inc.,Q4 2024,2025-01-31,2024,4,242,SYNTHETIC,2026-02-20
GL,GL Inc.,Q2 2024,2024-07-31,2024,2,209,SYNTHETIC,2026-02-20
GL,GL Inc.,Q3 2024,2024-10-31,2024,3,190,SYNTHETIC,2026-02-20
GL,GL Inc.,Q4 2024,2025-01-31,2024,4,195,SYNTHETIC,2026-02-20
GDDY,GDDY Inc.,Q2 2024,2024-07-31,2024,2,180,SYNTHETIC,2026-02-20
GDDY,GDDY Inc.,Q3 2024,2024-10-31,2024,3,202,SYNTHETIC,2026-02-20
GDDY,GDDY Inc.,Q4 2024,2025-01-31,2024,4,209,SYNTHETIC,2026-02-20
KKR,KKR Inc.,Q2 2024,2024-07-31,2024,2,179,SYNTHETIC,2026-02-20
KKR,KKR Inc.,Q3 2024,2024-10-31,2024,3,190,SYNTHETIC,2026-02-20
KKR,KKR Inc.,Q4 2024,2025-01-31,2024,4,199,SYNTHETIC,2026-02-20
KLAC,KLAC Inc.,Q2 2024,2024-07-31,2024,2,235,SYNTHETIC,2026-02-20
KLAC,KLAC Inc.,Q3 2024,2024-10-31,2024,3,203,SYNTHETIC,2026-02-20
KLAC,KLAC Inc.,Q4 2024,2025-01-31,2024,4,195,SYNTHETIC,2026-02-20
KR,KR Inc.,Q2 2024,2024-07-31,2024,2,235,SYNTHETIC,2026-02-20
KR,KR Inc.,Q3 2024,2024-10-31,2024,3,208,SYNTHETIC,2026-02-20
KR,KR Inc.,Q4 2024,2025-01-31,2024,4,203,SYNTHETIC,2026-02-20
LHX,LHX Inc.,Q2 2024,2024-07-31,2024,2,195,SYNTHETIC,2026-02-20
LHX,LHX Inc.,Q3 2024,2024-10-31,2024,3,246,SYNTHETIC,2026-02-20
LHX,LHX Inc.,Q4 2024,2025-01-31,2024,4,234,SYNTHETIC,2026-02-20
LH,LH Inc.,Q2 2024,2024-07-31,2024,2,190,SYNTHETIC,2026-02-20
LH,LH Inc.,Q3 2024,2024-10-31,2024,3,234,SYNTHETIC,2026-02-20
LH,LH Inc.,Q4 2024,2025-01-31,2024,4,195,SYNTHETIC,2026-02-20
IQV,IQV Inc.,Q2 2024,2024-07-31,2024,2,253,SYNTHETIC,2026-02-20
IQV,IQV Inc.,Q3 2024,2024-10-31,2024,3,189,SYNTHETIC,2026-02-20
IQV,IQV Inc.,Q4 2024,2025-01-31,2024,4,253,SYNTHETIC,2026-02-20
IRM,IRM Inc.,Q2 2024,2024-07-31,2024,2,179,SYNTHETIC,2026-02-20
IRM,IRM Inc.,Q3 2024,2024-10-31,2024,3,179,SYNTHETIC,2026-02-20
IRM,IRM Inc.,Q4 2024,2025-01-31,2024,4,190,SYNTHETIC,2026-02-20
JBHT,JBHT Inc.,Q2 2024,2024-07-31,2024,2,190,SYNTHETIC,2026-02-20
JBHT,JBHT Inc.,Q3 2024,2024-10-31,2024,3,208,SYNTHETIC,2026-02-20
JBHT,JBHT Inc.,Q4 2024,2025-01-31,2024,4,211,SYNTHETIC,2026-02-20
JBL,JBL Inc.,Q2 2024,2024-07-31,2024,2,211,SYNTHETIC,2026-02-20
JBL,JBL Inc.,Q3 2024,2024-10-31,2024,3,206,SYNTHETIC,2026-02-20
JBL,JBL Inc.,Q4 2024,2025-01-31,2024,4,179,SYNTHETIC,2026-02-20
J,J Inc.,Q2 2024,2024-07-31,2024,2,234,SYNTHETIC,2026-02-20
J,J Inc.,Q3 2024,2024-10-31,2024,3,233,SYNTHETIC,2026-02-20
J,J Inc.,Q4 2024,2025-01-31,2024,4,188,SYNTHETIC,2026-02-20
KVUE,KVUE Inc.,Q2 2024,2024-07-31,2024,2,235,SYNTHETIC,2026-02-20
KVUE,KVUE Inc.,Q3 2024,2024-10-31,2024,3,188,SYNTHETIC,2026-02-20
KVUE,KVUE Inc.,Q4 2024,2025-01-31,2024,4,207,SYNTHETIC,2026-02-20
KDP,KDP Inc.,Q2 2024,2024-07-31,2024,2,215,SYNTHETIC,2026-02-20
KDP,KDP Inc.,Q3 2024,2024-10-31,2024,3,199,SYNTHETIC,2026-02-20
KDP,KDP Inc.,Q4 2024,2025-01-31,2024,4,204,SYNTHETIC,2026-02-20
PODD,PODD Inc.,Q2 2024,2024-07-31,2024,2,234,SYNTHETIC,2026-02-20
PODD,PODD Inc.,Q3 2024,2024-10-31,2024,3,242,SYNTHETIC,2026-02-20
PODD,PODD Inc.,Q4 2024,2025-01-31,2024,4,179,SYNTHETIC,2026-02-20
IBKR,IBKR Inc.,Q2 2024,2024-07-31,2024,2,189,SYNTHETIC,2026-02-20
IBKR,IBKR Inc.,Q3 2024,2024-10-31,2024,3,242,SYNTHETIC,2026-02-20
IBKR,IBKR Inc.,Q4 2024,2025-01-31,2024,4,204,SYNTHETIC,2026-02-20
INTU,INTU Inc.,Q2 2024,2024-07-31,2024,2,188,SYNTHETIC,2026-02-20
INTU,INTU Inc.,Q3 2024,2024-10-31,2024,3,204,SYNTHETIC,2026-02-20
INTU,INTU Inc.,Q4 2024,2025-01-31,2024,4,179,SYNTHETIC,2026-02-20
ISRG,ISRG Inc.,Q2 2024,2024-07-31,2024,2,226,SYNTHETIC,2026-02-20
ISRG,ISRG Inc.,Q3 2024,2024-10-31,2024,3,181,SYNTHETIC,2026-02-20
ISRG,ISRG Inc.,Q4 2024,2025-01-31,2024,4,188,SYNTHETIC,2026-02-20
HPQ,HPQ Inc.,Q2 2024,2024-07-31,2024,2,188,SYNTHETIC,2026-02-20
HPQ,HPQ Inc.,Q3 2024,2024-10-31,2024,3,226,SYNTHETIC,2026-02-20
HPQ,HPQ Inc.,Q4 2024,2025-01-31,2024,4,209,SYNTHETIC,2026-02-20
HBAN,HBAN Inc.,Q2 2024,2024-07-31,2024,2,206,SYNTHETIC,2026-02-20
HBAN,HBAN Inc.,Q3 2024,2024-10-31,2024,3,179,SYNTHETIC,2026-02-20
HBAN,HBAN Inc.,Q4 2024,2025-01-31,2024,4,181,SYNTHETIC,2026-02-20
IBM,IBM Inc.,Q2 2024,2024-07-31,2024,2,197,SYNTHETIC,2026-02-20
IBM,IBM Inc.,Q3 2024,2024-10-31,2024,3,188,SYNTHETIC,2026-02-20
IBM,IBM Inc.,Q4 2024,2025-01-31,2024,4,233,SYNTHETIC,2026-02-20
IDXX,IDXX Inc.,Q2 2024,2024-07-31,2024,2,235,SYNTHETIC,2026-02-20
IDXX,IDXX Inc.,Q3 2024,2024-10-31,2024,3,206,SYNTHETIC,2026-02-20
IDXX,IDXX Inc.,Q4 2024,2025-01-31,2024,4,208,SYNTHETIC,2026-02-20
DTE,DTE Inc.,Q2 2024,2024-07-31,2024,2,209,SYNTHETIC,2026-02-20
DTE,DTE Inc.,Q3 2024,2024-10-31,2024,3,172,SYNTHETIC,2026-02-20
DTE,DTE Inc.,Q4 2024,2025-01-31,2024,4,206,SYNTHETIC,2026-02-20
ETN,ETN Inc.,Q2 2024,2024-07-31,2024,2,253,SYNTHETIC,2026-02-20
ETN,ETN Inc.,Q3 2024,2024-10-31,2024,3,198,SYNTHETIC,2026-02-20
ETN,ETN Inc.,Q4 2024,2025-01-31,2024,4,206,SYNTHETIC,2026-02-20
ECL,ECL Inc.,Q2 2024,2024-07-31,2024,2,206,SYNTHETIC,2026-02-20
ECL,ECL Inc.,Q3 2024,2024-10-31,2024,3,197,SYNTHETIC,2026-02-20
ECL,ECL Inc.,Q4 2024,2025-01-31,2024,4,189,SYNTHETIC,2026-02-20
EIX,EIX Inc.,Q2 2024,2024-07-31,2024,2,246,SYNTHETIC,2026-02-20
EIX,EIX Inc.,Q3 2024,2024-10-31,2024,3,180,SYNTHETIC,2026-02-20
EIX,EIX Inc.,Q4 2024,2025-01-31,2024,4,188,SYNTHETIC,2026-02-20
EME,EME Inc.,Q2 2024,2024-07-31,2024,2,245,SYNTHETIC,2026-02-20
EME,EME Inc.,Q3 2024,2024-10-31,2024,3,206,SYNTHETIC,2026-02-20
EME,EME Inc.,Q4 2024,2025-01-31,2024,4,179,SYNTHETIC,2026-02-20
MLM,MLM Inc.,Q2 2024,2024-07-31,2024,2,211,SYNTHETIC,2026-02-20
MLM,MLM Inc.,Q3 2024,2024-10-31,2024,3,242,SYNTHETIC,2026-02-20
MLM,MLM Inc.,Q4 2024,2025-01-31,2024,4,199,SYNTHETIC,2026-02-20
DLR,DLR Inc.,Q2 2024,2024-07-31,2024,2,202,SYNTHETIC,2026-02-20
DLR,DLR Inc.,Q3 2024,2024-10-31,2024,3,197,SYNTHETIC,2026-02-20
DLR,DLR Inc.,Q4 2024,2025-01-31,2024,4,181,SYNTHETIC,2026-02-20
DLTR,DLTR Inc.,Q2 2024,2024-07-31,2024,2,200,SYNTHETIC,2026-02-20
DLTR,DLTR Inc.,Q3 2024,2024-10-31,2024,3,211,SYNTHETIC,2026-02-20
DLTR,DLTR Inc.,Q4 2024,2025-01-31,2024,4,206,SYNTHETIC,2026-02-20
D,D Inc.,Q2 2024,2024-07-31,2024,2,242,SYNTHETIC,2026-02-20
D,D Inc.,Q3 2024,2024-10-31,2024,3,188,SYNTHETIC,2026-02-20
D,D Inc.,Q4 2024,2025-01-31,2024,4,181,SYNTHETIC,2026-02-20
MAR,MAR Inc.,Q2 2024,2024-07-31,2024,2,195,SYNTHETIC,2026-02-20
MAR,MAR Inc.,Q3 2024,2024-10-31,2024,3,246,SYNTHETIC,2026-02-20
MAR,MAR Inc.,Q4 2024,2025-01-31,2024,4,246,SYNTHETIC,2026-02-20
DRI,DRI Inc.,Q2 2024,2024-07-31,2024,2,206,SYNTHETIC,2026-02-20
DRI,DRI Inc.,Q3 2024,2024-10-31,2024,3,234,SYNTHETIC,2026-02-20
DRI,DRI Inc.,Q4 2024,2025-01-31,2024,4,244,SYNTHETIC,2026-02-20
DE,DE Inc.,Q2 2024,2024-07-31,2024,2,237,SYNTHETIC,2026-02-20
DE,DE Inc.,Q3 2024,2024-10-31,2024,3,235,SYNTHETIC,2026-02-20
DE,DE Inc.,Q4 2024,2025-01-31,2024,4,244,SYNTHETIC,2026-02-20
DELL,DELL Inc.,Q2 2024,2024-07-31,2024,2,189,SYNTHETIC,2026-02-20
DELL,DELL Inc.,Q3 2024,2024-10-31,2024,3,207,SYNTHETIC,2026-02-20
DELL,DELL Inc.,Q4 2024,2025-01-31,2024,4,209,SYNTHETIC,2026-02-20
DVN,DVN Inc.,Q2 2024,2024-07-31,2024,2,215,SYNTHETIC,2026-02-20
DVN,DVN Inc.,Q3 2024,2024-10-31,2024,3,195,SYNTHETIC,2026-02-20
DVN,DVN Inc.,Q4 2024,2025-01-31,2024,4,172,SYNTHETIC,2026-02-20
FANG,FANG Inc.,Q2 2024,2024-07-31,2024,2,179,SYNTHETIC,2026-02-20
FANG,FANG Inc.,Q3 2024,2024-10-31,2024,3,207,SYNTHETIC,2026-02-20
FANG,FANG Inc.,Q4 2024,2025-01-31,2024,4,181,SYNTHETIC,2026-02-20
LDOS,LDOS Inc.,Q2 2024,2024-07-31,2024,2,253,SYNTHETIC,2026-02-20
LDOS,LDOS Inc.,Q3 2024,2024-10-31,2024,3,188,SYNTHETIC,2026-02-20
LDOS,LDOS Inc.,Q4 2024,2025-01-31,2024,4,195,SYNTHETIC,2026-02-20
LYV,LYV Inc.,Q2 2024,2024-07-31,2024,2,199,SYNTHETIC,2026-02-20
LYV,LYV Inc.,Q3 2024,2024-10-31,2024,3,215,SYNTHETIC,2026-02-20
LYV,LYV Inc.,Q4 2024,2025-01-31,2024,4,253,SYNTHETIC,2026-02-20
LMT,LMT Inc.,Q2 2024,2024-07-31,2024,2,207,SYNTHETIC,2026-02-20
LMT,LMT Inc.,Q3 2024,2024-10-31,2024,3,195,SYNTHETIC,2026-02-20
LMT,LMT Inc.,Q4 2024,2025-01-31,2024,4,190,SYNTHETIC,2026-02-20
L,L Inc.,Q2 2024,2024-07-31,2024,2,211,SYNTHETIC,2026-02-20
L,L Inc.,Q3 2024,2024-10-31,2024,3,242,SYNTHETIC,2026-02-20
L,L Inc.,Q4 2024,2025-01-31,2024,4,197,SYNTHETIC,2026-02-20
LYB,LYB Inc.,Q2 2024,2024-07-31,2024,2,189,SYNTHETIC,2026-02-20
LYB,LYB Inc.,Q3 2024,2024-10-31,2024,3,172,SYNTHETIC,2026-02-20
LYB,LYB Inc.,Q4 2024,2025-01-31,2024,4,236,SYNTHETIC,2026-02-20
CINF,CINF Inc.,Q2 2024,2024-07-31,2024,2,215,SYNTHETIC,2026-02-20
CINF,CINF Inc.,Q3 2024,2024-10-31,2024,3,172,SYNTHETIC,2026-02-20
CINF,CINF Inc.,Q4 2024,2025-01-31,2024,4,211,SYNTHETIC,2026-02-20
RMD,RMD Inc.,Q2 2024,2024-07-31,2024,2,180,SYNTHETIC,2026-02-20
RMD,RMD Inc.,Q3 2024,2024-10-31,2024,3,208,SYNTHETIC,2026-02-20
RMD,RMD Inc.,Q4 2024,2025-01-31,2024,4,189,SYNTHETIC,2026-02-20
HOOD,HOOD Inc.,Q2 2024,2024-07-31,2024,2,202,SYNTHETIC,2026-02-20
HOOD,HOOD Inc.,Q3 2024,2024-10-31,2024,3,199,SYNTHETIC,2026-02-20
HOOD,HOOD Inc.,Q4 2024,2025-01-31,2024,4,195,SYNTHETIC,2026-02-20
ROL,ROL Inc.,Q2 2024,2024-07-31,2024,2,207,SYNTHETIC,2026-02-20
ROL,ROL Inc.,Q3 2024,2024-10-31,2024,3,237,SYNTHETIC,2026-02-20
ROL,ROL Inc.,Q4 2024,2025-01-31,2024,4,254,SYNTHETIC,2026-02-20
ROST,ROST Inc.,Q2 2024,2024-07-31,2024,2,203,SYNTHETIC,2026-02-20
ROST,ROST Inc.,Q3 2024,2024-10-31,2024,3,242,SYNTHETIC,2026-02-20
ROST,ROST Inc.,Q4 2024,2025-01-31,2024,4,203,SYNTHETIC,2026-02-20
SPGI,SPGI Inc.,Q2 2024,2024-07-31,2024,2,188,SYNTHETIC,2026-02-20
SPGI,SPGI Inc.,Q3 2024,2024-10-31,2024,3,226,SYNTHETIC,2026-02-20
SPGI,SPGI Inc.,Q4 2024,2025-01-31,2024,4,197,SYNTHETIC,2026-02-20
CNP,CNP Inc.,Q2 2024,2024-07-31,2024,2,188,SYNTHETIC,2026-02-20
CNP,CNP Inc.,Q3 2024,2024-10-31,2024,3,202,SYNTHETIC,2026-02-20
CNP,CNP Inc.,Q4 2024,2025-01-31,2024,4,195,SYNTHETIC,2026-02-20
CRL,CRL Inc.,Q2 2024,2024-07-31,2024,2,181,SYNTHETIC,2026-02-20
CRL,CRL Inc.,Q3 2024,2024-10-31,2024,3,195,SYNTHETIC,2026-02-20
CRL,CRL Inc.,Q4 2024,2025-01-31,2024,4,204,SYNTHETIC,2026-02-20
SCHW,SCHW Inc.,Q2 2024,2024-07-31,2024,2,216,SYNTHETIC,2026-02-20
SCHW,SCHW Inc.,Q3 2024,2024-10-31,2024,3,226,SYNTHETIC,2026-02-20
SCHW,SCHW Inc.,Q4 2024,2025-01-31,2024,4,233,SYNTHETIC,2026-02-20
CVX,CVX Inc.,Q2 2024,2024-07-31,2024,2,208,SYNTHETIC,2026-02-20
CVX,CVX Inc.,Q3 2024,2024-10-31,2024,3,189,SYNTHETIC,2026-02-20
CVX,CVX Inc.,Q4 2024,2025-01-31,2024,4,180,SYNTHETIC,2026-02-20
CHD,CHD Inc.,Q2 2024,2024-07-31,2024,2,206,SYNTHETIC,2026-02-20
CHD,CHD Inc.,Q3 2024,2024-10-31,2024,3,203,SYNTHETIC,2026-02-20
CHD,CHD Inc.,Q4 2024,2025-01-31,2024,4,244,SYNTHETIC,2026-02-20
CIEN,CIEN Inc.,Q2 2024,2024-07-31,2024,2,181,SYNTHETIC,2026-02-20
CIEN,CIEN Inc.,Q3 2024,2024-10-31,2024,3,235,SYNTHETIC,2026-02-20
CIEN,CIEN Inc.,Q4 2024,2025-01-31,2024,4,202,SYNTHETIC,2026-02-20
BG,BG Inc.,Q2 2024,2024-07-31,2024,2,197,SYNTHETIC,2026-02-20
BG,BG Inc.,Q3 2024,2024-10-31,2024,3,190,SYNTHETIC,2026-02-20
BG,BG Inc.,Q4 2024,2025-01-31,2024,4,203,SYNTHETIC,2026-02-20
CDNS,CDNS Inc.,Q2 2024,2024-07-31,2024,2,208,SYNTHETIC,2026-02-20
CDNS,CDNS Inc.,Q3 2024,2024-10-31,2024,3,244,SYNTHETIC,2026-02-20
CDNS,CDNS Inc.,Q4 2024,2025-01-31,2024,4,195,SYNTHETIC,2026-02-20
CVNA,CVNA Inc.,Q2 2024,2024-07-31,2024,2,208,SYNTHETIC,2026-02-20
CVNA,CVNA Inc.,Q3 2024,2024-10-31,2024,3,188,SYNTHETIC,2026-02-20
CVNA,CVNA Inc.,Q4 2024,2025-01-31,2024,4,195,SYNTHETIC,2026-02-20
CDW,CDW Inc.,Q2 2024,2024-07-31,2024,2,235,SYNTHETIC,2026-02-20
CDW,CDW Inc.,Q3 2024,2024-10-31,2024,3,206,SYNTHETIC,2026-02-20
CDW,CDW Inc.,Q4 2024,2025-01-31,2024,4,235,SYNTHETIC,2026-02-20
DGX,DGX Inc.,Q2 2024,2024-07-31,2024,2,211,SYNTHETIC,2026-02-20
DGX,DGX Inc.,Q3 2024,2024-10-31,2024,3,227,SYNTHETIC,2026-02-20
DGX,DGX Inc.,Q4 2024,2025-01-31,2024,4,172,SYNTHETIC,2026-02-20
RL,RL Inc.,Q2 2024,2024-07-31,2024,2,197,SYNTHETIC,2026-02-20
RL,RL Inc.,Q3 2024,2024-10-31,2024,3,181,SYNTHETIC,2026-02-20
RL,RL Inc.,Q4 2024,2025-01-31,2024,4,254,SYNTHETIC,2026-02-20
RTX,RTX Inc.,Q2 2024,2024-07-31,2024,2,206,SYNTHETIC,2026-02-20
RTX,RTX Inc.,Q3 2024,2024-10-31,2024,3,207,SYNTHETIC,2026-02-20
RTX,RTX Inc.,Q4 2024,2025-01-31,2024,4,226,SYNTHETIC,2026-02-20
O,O Inc.,Q2 2024,2024-07-31,2024,2,226,SYNTHETIC,2026-02-20
O,O Inc.,Q3 2024,2024-10-31,2024,3,195,SYNTHETIC,2026-02-20
O,O Inc.,Q4 2024,2025-01-31,2024,4,254,SYNTHETIC,2026-02-20
RF,RF Inc.,Q2 2024,2024-07-31,2024,2,246,SYNTHETIC,2026-02-20
RF,RF Inc.,Q3 2024,2024-10-31,2024,3,242,SYNTHETIC,2026-02-20
RF,RF Inc.,Q4 2024,2025-01-31,2024,4,237,SYNTHETIC,2026-02-20
BRO,BRO Inc.,Q2 2024,2024-07-31,2024,2,242,SYNTHETIC,2026-02-20
BRO,BRO Inc.,Q3 2024,2024-10-31,2024,3,204,SYNTHETIC,2026-02-20
BRO,BRO Inc.,Q4 2024,2025-01-31,2024,4,238,SYNTHETIC,2026-02-20
CEG,CEG Inc.,Q2 2024,2024-07-31,2024,2,179,SYNTHETIC,2026-02-20
CEG,CEG Inc.,Q3 2024,2024-10-31,2024,3,188,SYNTHETIC,2026-02-20
CEG,CEG Inc.,Q4 2024,2025-01-31,2024,4,246,SYNTHETIC,2026-02-20
CSGP,CSGP Inc.,Q2 2024,2024-07-31,2024,2,190,SYNTHETIC,2026-02-20
CSGP,CSGP Inc.,Q3 2024,2024-10-31,2024,3,189,SYNTHETIC,2026-02-20
CSGP,CSGP Inc.,Q4 2024,2025-01-31,2024,4,195,SYNTHETIC,2026-02-20
CTRA,CTRA Inc.,Q2 2024,2024-07-31,2024,2,190,SYNTHETIC,2026-02-20
CTRA,CTRA Inc.,Q3 2024,2024-10-31,2024,3,181,SYNTHETIC,2026-02-20
CTRA,CTRA Inc.,Q4 2024,2025-01-31,2024,4,195,SYNTHETIC,2026-02-20
NTAP,NTAP Inc.,Q2 2024,2024-07-31,2024,2,189,SYNTHETIC,2026-02-20
NTAP,NTAP Inc.,Q3 2024,2024-10-31,2024,3,226,SYNTHETIC,2026-02-20
NTAP,NTAP Inc.,Q4 2024,2025-01-31,2024,4,195,SYNTHETIC,2026-02-20
CSCO,CSCO Inc.,Q2 2024,2024-07-31,2024,2,180,SYNTHETIC,2026-02-20
CSCO,CSCO Inc.,Q3 2024,2024-10-31,2024,3,172,SYNTHETIC,2026-02-20
CSCO,CSCO Inc.,Q4 2024,2025-01-31,2024,4,215,SYNTHETIC,2026-02-20
CLX,CLX Inc.,Q2 2024,2024-07-31,2024,2,246,SYNTHETIC,2026-02-20
CLX,CLX Inc.,Q3 2024,2024-10-31,2024,3,243,SYNTHETIC,2026-02-20
CLX,CLX Inc.,Q4 2024,2025-01-31,2024,4,189,SYNTHETIC,2026-02-20
CME,CME Inc.,Q2 2024,2024-07-31,2024,2,244,SYNTHETIC,2026-02-20
CME,CME Inc.,Q3 2024,2024-10-31,2024,3,235,SYNTHETIC,2026-02-20
CME,CME Inc.,Q4 2024,2025-01-31,2024,4,202,SYNTHETIC,2026-02-20
ED,ED Inc.,Q2 2024,2024-07-31,2024,2,179,SYNTHETIC,2026-02-20
ED,ED Inc.,Q3 2024,2024-10-31,2024,3,244,SYNTHETIC,2026-02-20
ED,ED Inc.,Q4 2024,2025-01-31,2024,4,237,SYNTHETIC,2026-02-20
TAP,TAP Inc.,Q2 2024,2024-07-31,2024,2,195,SYNTHETIC,2026-02-20
TAP,TAP Inc.,Q3 2024,2024-10-31,2024,3,211,SYNTHETIC,2026-02-20
TAP,TAP Inc.,Q4 2024,2025-01-31,2024,4,244,SYNTHETIC,2026-02-20
MPWR,MPWR Inc.,Q2 2024,2024-07-31,2024,2,197,SYNTHETIC,2026-02-20
MPWR,MPWR Inc.,Q3 2024,2024-10-31,2024,3,199,SYNTHETIC,2026-02-20
MPWR,MPWR Inc.,Q4 2024,2025-01-31,2024,4,245,SYNTHETIC,2026-02-20
MNST,MNST Inc.,Q2 2024,2024-07-31,2024,2,253,SYNTHETIC,2026-02-20
MNST,MNST Inc.,Q3 2024,2024-10-31,2024,3,197,SYNTHETIC,2026-02-20
MNST,MNST Inc.,Q4 2024,2025-01-31,2024,4,206,SYNTHETIC,2026-02-20
MCO,MCO Inc.,Q2 2024,2024-07-31,2024,2,172,SYNTHETIC,2026-02-20
MCO,MCO Inc.,Q3 2024,2024-10-31,2024,3,226,SYNTHETIC,2026-02-20
MCO,MCO Inc.,Q4 2024,2025-01-31,2024,4,237,SYNTHETIC,2026-02-20
MAS,MAS Inc.,Q2 2024,2024-07-31,2024,2,179,SYNTHETIC,2026-02-20
MAS,MAS Inc.,Q3 2024,2024-10-31,2024,3,181,SYNTHETIC,2026-02-20
MAS,MAS Inc.,Q4 2024,2025-01-31,2024,4,181,SYNTHETIC,2026-02-20
MKC,MKC Inc.,Q2 2024,2024-07-31,2024,2,207,SYNTHETIC,2026-02-20
MKC,MKC Inc.,Q3 2024,2024-10-31,2024,3,180,SYNTHETIC,2026-02-20
MKC,MKC Inc.,Q4 2024,2025-01-31,2024,4,207,SYNTHETIC,2026-02-20
MDT,MDT Inc.,Q2 2024,2024-07-31,2024,2,236,SYNTHETIC,2026-02-20
MDT,MDT Inc.,Q3 2024,2024-10-31,2024,3,246,SYNTHETIC,2026-02-20
MDT,MDT Inc.,Q4 2024,2025-01-31,2024,4,247,SYNTHETIC,2026-02-20
MET,MET Inc.,Q2 2024,2024-07-31,2024,2,190,SYNTHETIC,2026-02-20
MET,MET Inc.,Q3 2024,2024-10-31,2024,3,180,SYNTHETIC,2026-02-20
MET,MET Inc.,Q4 2024,2025-01-31,2024,4,197,SYNTHETIC,2026-02-20
PFG,PFG Inc.,Q2 2024,2024-07-31,2024,2,211,SYNTHETIC,2026-02-20
PFG,PFG Inc.,Q3 2024,2024-10-31,2024,3,181,SYNTHETIC,2026-02-20
PFG,PFG Inc.,Q4 2024,2025-01-31,2024,4,237,SYNTHETIC,2026-02-20
PG,PG Inc.,Q2 2024,2024-07-31,2024,2,245,SYNTHETIC,2026-02-20
PG,PG Inc.,Q3 2024,2024-10-31,2024,3,197,SYNTHETIC,2026-02-20
PG,PG Inc.,Q4 2024,2025-01-31,2024,4,207,SYNTHETIC,2026-02-20
PGR,PGR Inc.,Q2 2024,2024-07-31,2024,2,188,SYNTHETIC,2026-02-20
PGR,PGR Inc.,Q3 2024,2024-10-31,2024,3,188,SYNTHETIC,2026-02-20
PGR,PGR Inc.,Q4 2024,2025-01-31,2024,4,216,SYNTHETIC,2026-02-20
PRU,PRU Inc.,Q2 2024,2024-07-31,2024,2,253,SYNTHETIC,2026-02-20
PRU,PRU Inc.,Q3 2024,2024-10-31,2024,3,207,SYNTHETIC,2026-02-20
PRU,PRU Inc.,Q4 2024,2025-01-31,2024,4,204,SYNTHETIC,2026-02-20
PEG,PEG Inc.,Q2 2024,2024-07-31,2024,2,242,SYNTHETIC,2026-02-20
PEG,PEG Inc.,Q3 2024,2024-10-31,2024,3,202,SYNTHETIC,2026-02-20
PEG,PEG Inc.,Q4 2024,2025-01-31,2024,4,234,SYNTHETIC,2026-02-20
PSA,PSA Inc.,Q2 2024,2024-07-31,2024,2,253,SYNTHETIC,2026-02-20
PSA,PSA Inc.,Q3 2024,2024-10-31,2024,3,195,SYNTHETIC,2026-02-20
PSA,PSA Inc.,Q4 2024,2025-01-31,2024,4,204,SYNTHETIC,2026-02-20
PHM,PHM Inc.,Q2 2024,2024-07-31,2024,2,202,SYNTHETIC,2026-02-20
PHM,PHM Inc.,Q3 2024,2024-10-31,2024,3,199,SYNTHETIC,2026-02-20
PHM,PHM Inc.,Q4 2024,2025-01-31,2024,4,207,SYNTHETIC,2026-02-20
PAYX,PAYX Inc.,Q2 2024,2024-07-31,2024,2,215,SYNTHETIC,2026-02-20
PAYX,PAYX Inc.,Q3 2024,2024-10-31,2024,3,195,SYNTHETIC,2026-02-20
PAYX,PAYX Inc.,Q4 2024,2025-01-31,2024,4,238,SYNTHETIC,2026-02-20
PAYC,PAYC Inc.,Q2 2024,2024-07-31,2024,2,204,SYNTHETIC,2026-02-20
PAYC,PAYC Inc.,Q3 2024,2024-10-31,2024,3,235,SYNTHETIC,2026-02-20
PAYC,PAYC Inc.,Q4 2024,2025-01-31,2024,4,179,SYNTHETIC,2026-02-20
PYPL,PYPL Inc.,Q2 2024,2024-07-31,2024,2,204,SYNTHETIC,2026-02-20
PYPL,PYPL Inc.,Q3 2024,2024-10-31,2024,3,204,SYNTHETIC,2026-02-20
PYPL,PYPL Inc.,Q4 2024,2025-01-31,2024,4,245,SYNTHETIC,2026-02-20
PNW,PNW Inc.,Q2 2024,2024-07-31,2024,2,188,SYNTHETIC,2026-02-20
PNW,PNW Inc.,Q3 2024,2024-10-31,2024,3,237,SYNTHETIC,2026-02-20
PNW,PNW Inc.,Q4 2024,2025-01-31,2024,4,207,SYNTHETIC,2026-02-20
POOL,POOL Inc.,Q2 2024,2024-07-31,2024,2,242,SYNTHETIC,2026-02-20
POOL,POOL Inc.,Q3 2024,2024-10-31,2024,3,208,SYNTHETIC,2026-02-20
POOL,POOL Inc.,Q4 2024,2025-01-31,2024,4,226,SYNTHETIC,2026-02-20
PPL,PPL Inc.,Q2 2024,2024-07-31,2024,2,179,SYNTHETIC,2026-02-20
PPL,PPL Inc.,Q3 2024,2024-10-31,2024,3,197,SYNTHETIC,2026-02-20
PPL,PPL Inc.,Q4 2024,2025-01-31,2024,4,244,SYNTHETIC,2026-02-20
ORLY,ORLY Inc.,Q2 2024,2024-07-31,2024,2,180,SYNTHETIC,2026-02-20
ORLY,ORLY Inc.,Q3 2024,2024-10-31,2024,3,216,SYNTHETIC,2026-02-20
ORLY,ORLY Inc.,Q4 2024,2025-01-31,2024,4,191,SYNTHETIC,2026-02-20
OXY,OXY Inc.,Q2 2024,2024-07-31,2024,2,195,SYNTHETIC,2026-02-20
OXY,OXY Inc.,Q3 2024,2024-10-31,2024,3,179,SYNTHETIC,2026-02-20
OXY,OXY Inc.,Q4 2024,2025-01-31,2024,4,204,SYNTHETIC,2026-02-20
ODFL,ODFL Inc.,Q2 2024,2024-07-31,2024,2,207,SYNTHETIC,2026-02-20
ODFL,ODFL Inc.,Q3 2024,2024-10-31,2024,3,242,SYNTHETIC,2026-02-20
ODFL,ODFL Inc.,Q4 2024,2025-01-31,2024,4,246,SYNTHETIC,2026-02-20
OKE,OKE Inc.,Q2 2024,2024-07-31,2024,2,188,SYNTHETIC,2026-02-20
OKE,OKE Inc.,Q3 2024,2024-10-31,2024,3,226,SYNTHETIC,2026-02-20
OKE,OKE Inc.,Q4 2024,2025-01-31,2024,4,245,SYNTHETIC,2026-02-20
ORCL,ORCL Inc.,Q2 2024,2024-07-31,2024,2,211,SYNTHETIC,2026-02-20
ORCL,ORCL Inc.,Q3 2024,2024-10-31,2024,3,206,SYNTHETIC,2026-02-20
ORCL,ORCL Inc.,Q4 2024,2025-01-31,2024,4,245,SYNTHETIC,2026-02-20
PCAR,PCAR Inc.,Q2 2024,2024-07-31,2024,2,188,SYNTHETIC,2026-02-20
PCAR,PCAR Inc.,Q3 2024,2024-10-31,2024,3,204,SYNTHETIC,2026-02-20
PCAR,PCAR Inc.,Q4 2024,2025-01-31,2024,4,179,SYNTHETIC,2026-02-20
PLTR,PLTR Inc.,Q2 2024,2024-07-31,2024,2,245,SYNTHETIC,2026-02-20
PLTR,PLTR Inc.,Q3 2024,2024-10-31,2024,3,215,SYNTHETIC,2026-02-20
PLTR,PLTR Inc.,Q4 2024,2025-01-31,2024,4,180,SYNTHETIC,2026-02-20
NEM,NEM Inc.,Q2 2024,2024-07-31,2024,2,206,SYNTHETIC,2026-02-20
NEM,NEM Inc.,Q3 2024,2024-10-31,2024,3,245,SYNTHETIC,2026-02-20
NEM,NEM Inc.,Q4 2024,2025-01-31,2024,4,172,SYNTHETIC,2026-02-20
NI,NI Inc.,Q2 2024,2024-07-31,2024,2,199,SYNTHETIC,2026-02-20
NI,NI Inc.,Q3 2024,2024-10-31,2024,3,172,SYNTHETIC,2026-02-20
NI,NI Inc.,Q4 2024,2025-01-31,2024,4,182,SYNTHETIC,2026-02-20
NDSN,NDSN Inc.,Q2 2024,2024-07-31,2024,2,180,SYNTHETIC,2026-02-20
NDSN,NDSN Inc.,Q3 2024,2024-10-31,2024,3,202,SYNTHETIC,2026-02-20
NDSN,NDSN Inc.,Q4 2024,2025-01-31,2024,4,246,SYNTHETIC,2026-02-20
NCLH,NCLH Inc.,Q2 2024,2024-07-31,2024,2,180,SYNTHETIC,2026-02-20
NCLH,NCLH Inc.,Q3 2024,2024-10-31,2024,3,207,SYNTHETIC,2026-02-20
NCLH,NCLH Inc.,Q4 2024,2025-01-31,2024,4,245,SYNTHETIC,2026-02-20
NRG,NRG Inc.,Q2 2024,2024-07-31,2024,2,245,SYNTHETIC,2026-02-20
NRG,NRG Inc.,Q3 2024,2024-10-31,2024,3,235,SYNTHETIC,2026-02-20
NRG,NRG Inc.,Q4 2024,2025-01-31,2024,4,234,SYNTHETIC,2026-02-20
WSM,WSM Inc.,Q2 2024,2024-07-31,2024,2,234,SYNTHETIC,2026-02-20
WSM,WSM Inc.,Q3 2024,2024-10-31,2024,3,242,SYNTHETIC,2026-02-20
WSM,WSM Inc.,Q4 2024,2025-01-31,2024,4,179,SYNTHETIC,2026-02-20
WMB,WMB Inc.,Q2 2024,2024-07-31,2024,2,202,SYNTHETIC,2026-02-20
WMB,WMB Inc.,Q3 2024,2024-10-31,2024,3,254,SYNTHETIC,2026-02-20
WMB,WMB Inc.,Q4 2024,2025-01-31,2024,4,211,SYNTHETIC,2026-02-20
WDAY,WDAY Inc.,Q2 2024,2024-07-31,2024,2,246,SYNTHETIC,2026-02-20
WDAY,WDAY Inc.,Q3 2024,2024-10-31,2024,3,243,SYNTHETIC,2026-02-20
WDAY,WDAY Inc.,Q4 2024,2025-01-31,2024,4,181,SYNTHETIC,2026-02-20
AES,AES Inc.,Q2 2024,2024-07-31,2024,2,208,SYNTHETIC,2026-02-20
AES,AES Inc.,Q3 2024,2024-10-31,2024,3,237,SYNTHETIC,2026-02-20
AES,AES Inc.,Q4 2024,2025-01-31,2024,4,246,SYNTHETIC,2026-02-20
XEL,XEL Inc.,Q2 2024,2024-07-31,2024,2,181,SYNTHETIC,2026-02-20
XEL,XEL Inc.,Q3 2024,2024-10-31,2024,3,246,SYNTHETIC,2026-02-20
XEL,XEL Inc.,Q4 2024,2025-01-31,2024,4,188,SYNTHETIC,2026-02-20
XYL,XYL Inc.,Q2 2024,2024-07-31,2024,2,245,SYNTHETIC,2026-02-20
XYL,XYL Inc.,Q3 2024,2024-10-31,2024,3,208,SYNTHETIC,2026-02-20
XYL,XYL Inc.,Q4 2024,2025-01-31,2024,4,237,SYNTHETIC,2026-02-20
AME,AME Inc.,Q2 2024,2024-07-31,2024,2,215,SYNTHETIC,2026-02-20
AME,AME Inc.,Q3 2024,2024-10-31,2024,3,235,SYNTHETIC,2026-02-20
AME,AME Inc.,Q4 2024,2025-01-31,2024,4,188,SYNTHETIC,2026-02-20
TKO,TKO Inc.,Q2 2024,2024-07-31,2024,2,180,SYNTHETIC,2026-02-20
TKO,TKO Inc.,Q3 2024,2024-10-31,2024,3,197,SYNTHETIC,2026-02-20
TKO,TKO Inc.,Q4 2024,2025-01-31,2024,4,203,SYNTHETIC,2026-02-20
TTD,TTD Inc.,Q2 2024,2024-07-31,2024,2,206,SYNTHETIC,2026-02-20
TTD,TTD Inc.,Q3 2024,2024-10-31,2024,3,211,SYNTHETIC,2026-02-20
TTD,TTD Inc.,Q4 2024,2025-01-31,2024,4,233,SYNTHETIC,2026-02-20
TFC,TFC Inc.,Q2 2024,2024-07-31,2024,2,179,SYNTHETIC,2026-02-20
TFC,TFC Inc.,Q3 2024,2024-10-31,2024,3,190,SYNTHETIC,2026-02-20
TFC,TFC Inc.,Q4 2024,2025-01-31,2024,4,211,SYNTHETIC,2026-02-20
TYL,TYL Inc.,Q2 2024,2024-07-31,2024,2,199,SYNTHETIC,2026-02-20
TYL,TYL Inc.,Q3 2024,2024-10-31,2024,3,189,SYNTHETIC,2026-02-20
TYL,TYL Inc.,Q4 2024,2025-01-31,2024,4,242,SYNTHETIC,2026-02-20
USB,USB Inc.,Q2 2024,2024-07-31,2024,2,253,SYNTHETIC,2026-02-20
USB,USB Inc.,Q3 2024,2024-10-31,2024,3,242,SYNTHETIC,2026-02-20
USB,USB Inc.,Q4 2024,2025-01-31,2024,4,195,SYNTHETIC,2026-02-20
UBER,UBER Inc.,Q2 2024,2024-07-31,2024,2,188,SYNTHETIC,2026-02-20
UBER,UBER Inc.,Q3 2024,2024-10-31,2024,3,199,SYNTHETIC,2026-02-20
UBER,UBER Inc.,Q4 2024,2025-01-31,2024,4,181,SYNTHETIC,2026-02-20
APD,APD Inc.,Q2 2024,2024-07-31,2024,2,246,SYNTHETIC,2026-02-20
APD,APD Inc.,Q3 2024,2024-10-31,2024,3,226,SYNTHETIC,2026-02-20
APD,APD Inc.,Q4 2024,2025-01-31,2024,4,189,SYNTHETIC,2026-02-20
TRGP,TRGP Inc.,Q2 2024,2024-07-31,2024,2,199,SYNTHETIC,2026-02-20
TRGP,TRGP Inc.,Q3 2024,2024-10-31,2024,3,173,SYNTHETIC,2026-02-20
TRGP,TRGP Inc.,Q4 2024,2025-01-31,2024,4,188,SYNTHETIC,2026-02-20
TEL,TEL Inc.,Q2 2024,2024-07-31,2024,2,202,SYNTHETIC,2026-02-20
TEL,TEL Inc.,Q3 2024,2024-10-31,2024,3,206,SYNTHETIC,2026-02-20
TEL,TEL Inc.,Q4 2024,2025-01-31,2024,4,204,SYNTHETIC,2026-02-20
TXN,TXN Inc.,Q2 2024,2024-07-31,2024,2,247,SYNTHETIC,2026-02-20
TXN,TXN Inc.,Q3 2024,2024-10-31,2024,3,182,SYNTHETIC,2026-02-20
TXN,TXN Inc.,Q4 2024,2025-01-31,2024,4,181,SYNTHETIC,2026-02-20
TMO,TMO Inc.,Q2 2024,2024-07-31,2024,2,233,SYNTHETIC,2026-02-20
TMO,TMO Inc.,Q3 2024,2024-10-31,2024,3,181,SYNTHETIC,2026-02-20
TMO,TMO Inc.,Q4 2024,2025-01-31,2024,4,189,SYNTHETIC,2026-02-20
BMY,BMY Inc.,Q2 2024,2024-07-31,2024,2,211,SYNTHETIC,2026-02-20
BMY,BMY Inc.,Q3 2024,2024-10-31,2024,3,195,SYNTHETIC,2026-02-20
BMY,BMY Inc.,Q4 2024,2025-01-31,2024,4,215,SYNTHETIC,2026-02-20
SMCI,SMCI Inc.,Q2 2024,2024-07-31,2024,2,237,SYNTHETIC,2026-02-20
SMCI,SMCI Inc.,Q3 2024,2024-10-31,2024,3,237,SYNTHETIC,2026-02-20
SMCI,SMCI Inc.,Q4 2024,2025-01-31,2024,4,179,SYNTHETIC,2026-02-20
SNPS,SNPS Inc.,Q2 2024,2024-07-31,2024,2,207,SYNTHETIC,2026-02-20
SNPS,SNPS Inc.,Q3 2024,2024-10-31,2024,3,172,SYNTHETIC,2026-02-20
SNPS,SNPS Inc.,Q4 2024,2025-01-31,2024,4,238,SYNTHETIC,2026-02-20
WMT,WMT Inc.,Q2 2024,2024-07-31,2024,2,172,SYNTHETIC,2026-02-20
WMT,WMT Inc.,Q3 2024,2024-10-31,2024,3,203,SYNTHETIC,2026-02-20
WMT,WMT Inc.,Q4 2024,2025-01-31,2024,4,179,SYNTHETIC,2026-02-20
WBD,WBD Inc.,Q2 2024,2024-07-31,2024,2,235,SYNTHETIC,2026-02-20
WBD,WBD Inc.,Q3 2024,2024-10-31,2024,3,207,SYNTHETIC,2026-02-20
WBD,WBD Inc.,Q4 2024,2025-01-31,2024,4,179,SYNTHETIC,2026-02-20
WAT,WAT Inc.,Q2 2024,2024-07-31,2024,2,181,SYNTHETIC,2026-02-20
WAT,WAT Inc.,Q3 2024,2024-10-31,2024,3,181,SYNTHETIC,2026-02-20
WAT,WAT Inc.,Q4 2024,2025-01-31,2024,4,199,SYNTHETIC,2026-02-20
WEC,WEC Inc.,Q2 2024,2024-07-31,2024,2,203,SYNTHETIC,2026-02-20
WEC,WEC Inc.,Q3 2024,2024-10-31,2024,3,188,SYNTHETIC,2026-02-20
WEC,WEC Inc.,Q4 2024,2025-01-31,2024,4,234,SYNTHETIC,2026-02-20
WFC,WFC Inc.,Q2 2024,2024-07-31,2024,2,253,SYNTHETIC,2026-02-20
WFC,WFC Inc.,Q3 2024,2024-10-31,2024,3,211,SYNTHETIC,2026-02-20
WFC,WFC Inc.,Q4 2024,2025-01-31,2024,4,242,SYNTHETIC,2026-02-20
FOXA,FOXA Inc.,Q2 2024,2024-07-31,2024,2,180,SYNTHETIC,2026-02-20
FOXA,FOXA Inc.,Q3 2024,2024-10-31,2024,3,234,SYNTHETIC,2026-02-20
FOXA,FOXA Inc.,Q4 2024,2025-01-31,2024,4,234,SYNTHETIC,2026-02-20
FOX,FOX Inc.,Q2 2024,2024-07-31,2024,2,189,SYNTHETIC,2026-02-20
FOX,FOX Inc.,Q3 2024,2024-10-31,2024,3,199,SYNTHETIC,2026-02-20
FOX,FOX Inc.,Q4 2024,2025-01-31,2024,4,180,SYNTHETIC,2026-02-20
BEN,BEN Inc.,Q2 2024,2024-07-31,2024,2,234,SYNTHETIC,2026-02-20
BEN,BEN Inc.,Q3 2024,2024-10-31,2024,3,245,SYNTHETIC,2026-02-20
BEN,BEN Inc.,Q4 2024,2025-01-31,2024,4,242,SYNTHETIC,2026-02-20
VTRS,VTRS Inc.,Q2 2024,2024-07-31,2024,2,172,SYNTHETIC,2026-02-20
VTRS,VTRS Inc.,Q3 2024,2024-10-31,2024,3,242,SYNTHETIC,2026-02-20
VTRS,VTRS Inc.,Q4 2024,2025-01-31,2024,4,242,SYNTHETIC,2026-02-20
VICI,VICI Inc.,Q2 2024,2024-07-31,2024,2,226,SYNTHETIC,2026-02-20
VICI,VICI Inc.,Q3 2024,2024-10-31,2024,3,243,SYNTHETIC,2026-02-20
VICI,VICI Inc.,Q4 2024,2025-01-31,2024,4,242,SYNTHETIC,2026-02-20
VST,VST Inc.,Q2 2024,2024-07-31,2024,2,208,SYNTHETIC,2026-02-20
VST,VST Inc.,Q3 2024,2024-10-31,2024,3,208,SYNTHETIC,2026-02-20
VST,VST Inc.,Q4 2024,2025-01-31,2024,4,211,SYNTHETIC,2026-02-20
WRB,WRB Inc.,Q2 2024,2024-07-31,2024,2,234,SYNTHETIC,2026-02-20
WRB,WRB Inc.,Q3 2024,2024-10-31,2024,3,235,SYNTHETIC,2026-02-20
WRB,WRB Inc.,Q4 2024,2025-01-31,2024,4,203,SYNTHETIC,2026-02-20
GWW,GWW Inc.,Q2 2024,2024-07-31,2024,2,234,SYNTHETIC,2026-02-20
GWW,GWW Inc.,Q3 2024,2024-10-31,2024,3,188,SYNTHETIC,2026-02-20
GWW,GWW Inc.,Q4 2024,2025-01-31,2024,4,215,SYNTHETIC,2026-02-20
WAB,WAB Inc.,Q2 2024,2024-07-31,2024,2,253,SYNTHETIC,2026-02-20
WAB,WAB Inc.,Q3 2024,2024-10-31,2024,3,207,SYNTHETIC,2026-02-20
WAB,WAB Inc.,Q4 2024,2025-01-31,2024,4,244,SYNTHETIC,2026-02-20
UAL,UAL Inc.,Q2 2024,2024-07-31,2024,2,245,SYNTHETIC,2026-02-20
UAL,UAL Inc.,Q3 2024,2024-10-31,2024,3,189,SYNTHETIC,2026-02-20
UAL,UAL Inc.,Q4 2024,2025-01-31,2024,4,180,SYNTHETIC,2026-02-20
UPS,UPS Inc.,Q2 2024,2024-07-31,2024,2,182,SYNTHETIC,2026-02-20
UPS,UPS Inc.,Q3 2024,2024-10-31,2024,3,182,SYNTHETIC,2026-02-20
UPS,UPS Inc.,Q4 2024,2025-01-31,2024,4,181,SYNTHETIC,2026-02-20
URI,URI Inc.,Q2 2024,2024-07-31,2024,2,197,SYNTHETIC,2026-02-20
URI,URI Inc.,Q3 2024,2024-10-31,2024,3,238,SYNTHETIC,2026-02-20
URI,URI Inc.,Q4 2024,2025-01-31,2024,4,172,SYNTHETIC,2026-02-20
VTR,VTR Inc.,Q2 2024,2024-07-31,2024,2,191,SYNTHETIC,2026-02-20
VTR,VTR Inc.,Q3 2024,2024-10-31,2024,3,235,SYNTHETIC,2026-02-20
VTR,VTR Inc.,Q4 2024,2025-01-31,2024,4,211,SYNTHETIC,2026-02-20
VRSN,VRSN Inc.,Q2 2024,2024-07-31,2024,2,181,SYNTHETIC,2026-02-20
VRSN,VRSN Inc.,Q3 2024,2024-10-31,2024,3,203,SYNTHETIC,2026-02-20
VRSN,VRSN Inc.,Q4 2024,2025-01-31,2024,4,235,SYNTHETIC,2026-02-20
VRSK,VRSK Inc.,Q2 2024,2024-07-31,2024,2,195,SYNTHETIC,2026-02-20
VRSK,VRSK Inc.,Q3 2024,2024-10-31,2024,3,227,SYNTHETIC,2026-02-20
VRSK,VRSK Inc.,Q4 2024,2025-01-31,2024,4,188,SYNTHETIC,2026-02-20
VZ,VZ Inc.,Q2 2024,2024-07-31,2024,2,179,SYNTHETIC,2026-02-20
VZ,VZ Inc.,Q3 2024,2024-10-31,2024,3,188,SYNTHETIC,2026-02-20
VZ,VZ Inc.,Q4 2024,2025-01-31,2024,4,215,SYNTHETIC,2026-02-20
ADI,ADI Inc.,Q2 2024,2024-07-31,2024,2,195,SYNTHETIC,2026-02-20
ADI,ADI Inc.,Q3 2024,2024-10-31,2024,3,227,SYNTHETIC,2026-02-20
ADI,ADI Inc.,Q4 2024,2025-01-31,2024,4,233,SYNTHETIC,2026-02-20
APA,APA Inc.,Q2 2024,2024-07-31,2024,2,181,SYNTHETIC,2026-02-20
APA,APA Inc.,Q3 2024,2024-10-31,2024,3,181,SYNTHETIC,2026-02-20
APA,APA Inc.,Q4 2024,2025-01-31,2024,4,209,SYNTHETIC,2026-02-20
AMAT,AMAT Inc.,Q2 2024,2024-07-31,2024,2,234,SYNTHETIC,2026-02-20
AMAT,AMAT Inc.,Q3 2024,2024-10-31,2024,3,206,SYNTHETIC,2026-02-20
AMAT,AMAT Inc.,Q4 2024,2025-01-31,2024,4,189,SYNTHETIC,2026-02-20
ULTA,ULTA Inc.,Q2 2024,2024-07-31,2024,2,179,SYNTHETIC,2026-02-20
ULTA,ULTA Inc.,Q3 2024,2024-10-31,2024,3,188,SYNTHETIC,2026-02-20
ULTA,ULTA Inc.,Q4 2024,2025-01-31,2024,4,244,SYNTHETIC,2026-02-20
AMGN,AMGN Inc.,Q2 2024,2024-07-31,2024,2,203,SYNTHETIC,2026-02-20
AMGN,AMGN Inc.,Q3 2024,2024-10-31,2024,3,237,SYNTHETIC,2026-02-20
AMGN,AMGN Inc.,Q4 2024,2025-01-31,2024,4,245,SYNTHETIC,2026-02-20
APH,APH Inc.,Q2 2024,2024-07-31,2024,2,211,SYNTHETIC,2026-02-20
APH,APH Inc.,Q3 2024,2024-10-31,2024,3,181,SYNTHETIC,2026-02-20
APH,APH Inc.,Q4 2024,2025-01-31,2024,4,188,SYNTHETIC,2026-02-20
APO,APO Inc.,Q2 2024,2024-07-31,2024,2,227,SYNTHETIC,2026-02-20
APO,APO Inc.,Q3 2024,2024-10-31,2024,3,234,SYNTHETIC,2026-02-20
APO,APO Inc.,Q4 2024,2025-01-31,2024,4,195,SYNTHETIC,2026-02-20
AAPL,AAPL Inc.,Q2 2024,2024-07-31,2024,2,215,SYNTHETIC,2026-02-20
AAPL,AAPL Inc.,Q3 2024,2024-10-31,2024,3,235,SYNTHETIC,2026-02-20
AAPL,AAPL Inc.,Q4 2024,2025-01-31,2024,4,242,SYNTHETIC,2026-02-20
UHS,UHS Inc.,Q2 2024,2024-07-31,2024,2,202,SYNTHETIC,2026-02-20
UHS,UHS Inc.,Q3 2024,2024-10-31,2024,3,188,SYNTHETIC,2026-02-20
UHS,UHS Inc.,Q4 2024,2025-01-31,2024,4,180,SYNTHETIC,2026-02-20
V,V Inc.,Q2 2024,2024-07-31,2024,2,180,SYNTHETIC,2026-02-20
V,V Inc.,Q3 2024,2024-10-31,2024,3,253,SYNTHETIC,2026-02-20
V,V Inc.,Q4 2024,2025-01-31,2024,4,234,SYNTHETIC,2026-02-20
VMC,VMC Inc.,Q2 2024,2024-07-31,2024,2,199,SYNTHETIC,2026-02-20
VMC,VMC Inc.,Q3 2024,2024-10-31,2024,3,202,SYNTHETIC,2026-02-20
VMC,VMC Inc.,Q4 2024,2025-01-31,2024,4,237,SYNTHETIC,2026-02-20
AVGO,AVGO Inc.,Q2 2024,2024-07-31,2024,2,203,SYNTHETIC,2026-02-20
AVGO,AVGO Inc.,Q3 2024,2024-10-31,2024,3,190,SYNTHETIC,2026-02-20
AVGO,AVGO Inc.,Q4 2024,2025-01-31,2024,4,235,SYNTHETIC,2026-02-20
BR,BR Inc.,Q2 2024,2024-07-31,2024,2,208,SYNTHETIC,2026-02-20
BR,BR Inc.,Q3 2024,2024-10-31,2024,3,207,SYNTHETIC,2026-02-20
BR,BR Inc.,Q4 2024,2025-01-31,2024,4,197,SYNTHETIC,2026-02-20
SYF,SYF Inc.,Q2 2024,2024-07-31,2024,2,202,SYNTHETIC,2026-02-20
SYF,SYF Inc.,Q3 2024,2024-10-31,2024,3,181,SYNTHETIC,2026-02-20
SYF,SYF Inc.,Q4 2024,2025-01-31,2024,4,181,SYNTHETIC,2026-02-20
SYY,SYY Inc.,Q2 2024,2024-07-31,2024,2,203,SYNTHETIC,2026-02-20
SYY,SYY Inc.,Q3 2024,2024-10-31,2024,3,172,SYNTHETIC,2026-02-20
SYY,SYY Inc.,Q4 2024,2025-01-31,2024,4,237,SYNTHETIC,2026-02-20
TROW,TROW Inc.,Q2 2024,2024-07-31,2024,2,181,SYNTHETIC,2026-02-20
TROW,TROW Inc.,Q3 2024,2024-10-31,2024,3,207,SYNTHETIC,2026-02-20
TROW,TROW Inc.,Q4 2024,2025-01-31,2024,4,242,SYNTHETIC,2026-02-20
TPR,TPR Inc.,Q2 2024,2024-07-31,2024,2,208,SYNTHETIC,2026-02-20
TPR,TPR Inc.,Q3 2024,2024-10-31,2024,3,211,SYNTHETIC,2026-02-20
TPR,TPR Inc.,Q4 2024,2025-01-31,2024,4,235,SYNTHETIC,2026-02-20
TGT,TGT Inc.,Q2 2024,2024-07-31,2024,2,206,SYNTHETIC,2026-02-20
TGT,TGT Inc.,Q3 2024,2024-10-31,2024,3,215,SYNTHETIC,2026-02-20
TGT,TGT Inc.,Q4 2024,2025-01-31,2024,4,209,SYNTHETIC,2026-02-20
TPL,TPL Inc.,Q2 2024,2024-07-31,2024,2,206,SYNTHETIC,2026-02-20
TPL,TPL Inc.,Q3 2024,2024-10-31,2024,3,244,SYNTHETIC,2026-02-20
TPL,TPL Inc.,Q4 2024,2025-01-31,2024,4,226,SYNTHETIC,2026-02-20
TJX,TJX Inc.,Q2 2024,2024-07-31,2024,2,190,SYNTHETIC,2026-02-20
TJX,TJX Inc.,Q3 2024,2024-10-31,2024,3,188,SYNTHETIC,2026-02-20
TJX,TJX Inc.,Q4 2024,2025-01-31,2024,4,179,SYNTHETIC,2026-02-20
TRV,TRV Inc.,Q2 2024,2024-07-31,2024,2,180,SYNTHETIC,2026-02-20
TRV,TRV Inc.,Q3 2024,2024-10-31,2024,3,189,SYNTHETIC,2026-02-20
TRV,TRV Inc.,Q4 2024,2025-01-31,2024,4,204,SYNTHETIC,2026-02-20
A,A Inc.,Q2 2024,2024-07-31,2024,2,215,SYNTHETIC,2026-02-20
A,A Inc.,Q3 2024,2024-10-31,2024,3,204,SYNTHETIC,2026-02-20
A,A Inc.,Q4 2024,2025-01-31,2024,4,202,SYNTHETIC,2026-02-20
NEE,NEE Inc.,Q2 2024,2024-07-31,2024,2,204,SYNTHETIC,2026-02-20
NEE,NEE Inc.,Q3 2024,2024-10-31,2024,3,246,SYNTHETIC,2026-02-20
NEE,NEE Inc.,Q4 2024,2025-01-31,2024,4,235,SYNTHETIC,2026-02-20
NKE,NKE Inc.,Q2 2024,2024-07-31,2024,2,206,SYNTHETIC,2026-02-20
NKE,NKE Inc.,Q3 2024,2024-10-31,2024,3,172,SYNTHETIC,2026-02-20
NKE,NKE Inc.,Q4 2024,2025-01-31,2024,4,208,SYNTHETIC,2026-02-20
NVDA,NVDA Inc.,Q2 2024,2024-07-31,2024,2,180,SYNTHETIC,2026-02-20
NVDA,NVDA Inc.,Q3 2024,2024-10-31,2024,3,233,SYNTHETIC,2026-02-20
NVDA,NVDA Inc.,Q4 2024,2025-01-31,2024,4,188,SYNTHETIC,2026-02-20
OMC,OMC Inc.,Q2 2024,2024-07-31,2024,2,237,SYNTHETIC,2026-02-20
OMC,OMC Inc.,Q3 2024,2024-10-31,2024,3,190,SYNTHETIC,2026-02-20
OMC,OMC Inc.,Q4 2024,2025-01-31,2024,4,244,SYNTHETIC,2026-02-20
PANW,PANW Inc.,Q2 2024,2024-07-31,2024,2,245,SYNTHETIC,2026-02-20
PANW,PANW Inc.,Q3 2024,2024-10-31,2024,3,211,SYNTHETIC,2026-02-20
PANW,PANW Inc.,Q4 2024,2025-01-31,2024,4,188,SYNTHETIC,2026-02-20
PSKY,PSKY Inc.,Q2 2024,2024-07-31,2024,2,202,SYNTHETIC,2026-02-20
PSKY,PSKY Inc.,Q3 2024,2024-10-31,2024,3,211,SYNTHETIC,2026-02-20
PSKY,PSKY Inc.,Q4 2024,2025-01-31,2024,4,179,SYNTHETIC,2026-02-20
PWR,PWR Inc.,Q2 2024,2024-07-31,2024,2,244,SYNTHETIC,2026-02-20
PWR,PWR Inc.,Q3 2024,2024-10-31,2024,3,181,SYNTHETIC,2026-02-20
PWR,PWR Inc.,Q4 2024,2025-01-31,2024,4,188,SYNTHETIC,2026-02-20
MA,MA Inc.,Q2 2024,2024-07-31,2024,2,203,SYNTHETIC,2026-02-20
MA,MA Inc.,Q3 2024,2024-10-31,2024,3,197,SYNTHETIC,2026-02-20
MA,MA Inc.,Q4 2024,2025-01-31,2024,4,208,SYNTHETIC,2026-02-20
META,META Inc.,Q2 2024,2024-07-31,2024,2,180,SYNTHETIC,2026-02-20
META,META Inc.,Q3 2024,2024-10-31,2024,3,188,SYNTHETIC,2026-02-20
META,META Inc.,Q4 2024,2025-01-31,2024,4,215,SYNTHETIC,2026-02-20
MTD,MTD Inc.,Q2 2024,2024-07-31,2024,2,244,SYNTHETIC,2026-02-20
MTD,MTD Inc.,Q3 2024,2024-10-31,2024,3,234,SYNTHETIC,2026-02-20
MTD,MTD Inc.,Q4 2024,2025-01-31,2024,4,245,SYNTHETIC,2026-02-20
MCHP,MCHP Inc.,Q2 2024,2024-07-31,2024,2,190,SYNTHETIC,2026-02-20
MCHP,MCHP Inc.,Q3 2024,2024-10-31,2024,3,211,SYNTHETIC,2026-02-20
MCHP,MCHP Inc.,Q4 2024,2025-01-31,2024,4,246,SYNTHETIC,2026-02-20
MSFT,MSFT Inc.,Q2 2024,2024-07-31,2024,2,199,SYNTHETIC,2026-02-20
MSFT,MSFT Inc.,Q3 2024,2024-10-31,2024,3,209,SYNTHETIC,2026-02-20
MSFT,MSFT Inc.,Q4 2024,2025-01-31,2024,4,215,SYNTHETIC,2026-02-20
MOH,MOH Inc.,Q2 2024,2024-07-31,2024,2,203,SYNTHETIC,2026-02-20
MOH,MOH Inc.,Q3 2024,2024-10-31,2024,3,203,SYNTHETIC,2026-02-20
MOH,MOH Inc.,Q4 2024,2025-01-31,2024,4,199,SYNTHETIC,2026-02-20
MOS,MOS Inc.,Q2 2024,2024-07-31,2024,2,199,SYNTHETIC,2026-02-20
MOS,MOS Inc.,Q3 2024,2024-10-31,2024,3,235,SYNTHETIC,2026-02-20
MOS,MOS Inc.,Q4 2024,2025-01-31,2024,4,173,SYNTHETIC,2026-02-20
MSCI,MSCI Inc.,Q2 2024,2024-07-31,2024,2,198,SYNTHETIC,2026-02-20
MSCI,MSCI Inc.,Q3 2024,2024-10-31,2024,3,191,SYNTHETIC,2026-02-20
MSCI,MSCI Inc.,Q4 2024,2025-01-31,2024,4,172,SYNTHETIC,2026-02-20
NFLX,NFLX Inc.,Q2 2024,2024-07-31,2024,2,215,SYNTHETIC,2026-02-20
NFLX,NFLX Inc.,Q3 2024,2024-10-31,2024,3,246,SYNTHETIC,2026-02-20
NFLX,NFLX Inc.,Q4 2024,2025-01-31,2024,4,245,SYNTHETIC,2026-02-20
CTAS,CTAS Inc.,Q2 2024,2024-07-31,2024,2,244,SYNTHETIC,2026-02-20
CTAS,CTAS Inc.,Q3 2024,2024-10-31,2024,3,197,SYNTHETIC,2026-02-20
CTAS,CTAS Inc.,Q4 2024,2025-01-31,2024,4,235,SYNTHETIC,2026-02-20
FIX,FIX Inc.,Q2 2024,2024-07-31,2024,2,195,SYNTHETIC,2026-02-20
FIX,FIX Inc.,Q3 2024,2024-10-31,2024,3,203,SYNTHETIC,2026-02-20
FIX,FIX Inc.,Q4 2024,2025-01-31,2024,4,172,SYNTHETIC,2026-02-20
COO,COO Inc.,Q2 2024,2024-07-31,2024,2,180,SYNTHETIC,2026-02-20
COO,COO Inc.,Q3 2024,2024-10-31,2024,3,189,SYNTHETIC,2026-02-20
COO,COO Inc.,Q4 2024,2025-01-31,2024,4,202,SYNTHETIC,2026-02-20
CPRT,CPRT Inc.,Q2 2024,2024-07-31,2024,2,243,SYNTHETIC,2026-02-20
CPRT,CPRT Inc.,Q3 2024,2024-10-31,2024,3,215,SYNTHETIC,2026-02-20
CPRT,CPRT Inc.,Q4 2024,2025-01-31,2024,4,181,SYNTHETIC,2026-02-20
GLW,GLW Inc.,Q2 2024,2024-07-31,2024,2,207,SYNTHETIC,2026-02-20
GLW,GLW Inc.,Q3 2024,2024-10-31,2024,3,204,SYNTHETIC,2026-02-20
GLW,GLW Inc.,Q4 2024,2025-01-31,2024,4,206,SYNTHETIC,2026-02-20
CRH,CRH Inc.,Q2 2024,2024-07-31,2024,2,238,SYNTHETIC,2026-02-20
CRH,CRH Inc.,Q3 2024,2024-10-31,2024,3,237,SYNTHETIC,2026-02-20
CRH,CRH Inc.,Q4 2024,2025-01-31,2024,4,208,SYNTHETIC,2026-02-20
CRWD,CRWD Inc.,Q2 2024,2024-07-31,2024,2,203,SYNTHETIC,2026-02-20
CRWD,CRWD Inc.,Q3 2024,2024-10-31,2024,3,245,SYNTHETIC,2026-02-20
CRWD,CRWD Inc.,Q4 2024,2025-01-31,2024,4,235,SYNTHETIC,2026-02-20
Q,Q Inc.,Q2 2024,2024-07-31,2024,2,207,SYNTHETIC,2026-02-20
Q,Q Inc.,Q3 2024,2024-10-31,2024,3,226,SYNTHETIC,2026-02-20
Q,Q Inc.,Q4 2024,2025-01-31,2024,4,244,SYNTHETIC,2026-02-20
REG,REG Inc.,Q2 2024,2024-07-31,2024,2,211,SYNTHETIC,2026-02-20
REG,REG Inc.,Q3 2024,2024-10-31,2024,3,188,SYNTHETIC,2026-02-20
REG,REG Inc.,Q4 2024,2025-01-31,2024,4,226,SYNTHETIC,2026-02-20
BF-B,BF-B Inc.,Q2 2024,2024-07-31,2024,2,204,SYNTHETIC,2026-02-20
BF-B,BF-B Inc.,Q3 2024,2024-10-31,2024,3,180,SYNTHETIC,2026-02-20
BF-B,BF-B Inc.,Q4 2024,2025-01-31,2024,4,180,SYNTHETIC,2026-02-20
BLDR,BLDR Inc.,Q2 2024,2024-07-31,2024,2,198,SYNTHETIC,2026-02-20
BLDR,BLDR Inc.,Q3 2024,2024-10-31,2024,3,180,SYNTHETIC,2026-02-20
BLDR,BLDR Inc.,Q4 2024,2025-01-31,2024,4,181,SYNTHETIC,2026-02-20
CPB,CPB Inc.,Q2 2024,2024-07-31,2024,2,190,SYNTHETIC,2026-02-20
CPB,CPB Inc.,Q3 2024,2024-10-31,2024,3,191,SYNTHETIC,2026-02-20
CPB,CPB Inc.,Q4 2024,2025-01-31,2024,4,234,SYNTHETIC,2026-02-20
COR,COR Inc.,Q2 2024,2024-07-31,2024,2,242,SYNTHETIC,2026-02-20
COR,COR Inc.,Q3 2024,2024-10-31,2024,3,188,SYNTHETIC,2026-02-20
COR,COR Inc.,Q4 2024,2025-01-31,2024,4,207,SYNTHETIC,2026-02-20
CF,CF Inc.,Q2 2024,2024-07-31,2024,2,195,SYNTHETIC,2026-02-20
CF,CF Inc.,Q3 2024,2024-10-31,2024,3,208,SYNTHETIC,2026-02-20
CF,CF Inc.,Q4 2024,2025-01-31,2024,4,247,SYNTHETIC,2026-02-20
CMG,CMG Inc.,Q2 2024,2024-07-31,2024,2,244,SYNTHETIC,2026-02-20
CMG,CMG Inc.,Q3 2024,2024-10-31,2024,3,216,SYNTHETIC,2026-02-20
CMG,CMG Inc.,Q4 2024,2025-01-31,2024,4,181,SYNTHETIC,2026-02-20
RSG,RSG Inc.,Q2 2024,2024-07-31,2024,2,197,SYNTHETIC,2026-02-20
RSG,RSG Inc.,Q3 2024,2024-10-31,2024,3,208,SYNTHETIC,2026-02-20
RSG,RSG Inc.,Q4 2024,2025-01-31,2024,4,207,SYNTHETIC,2026-02-20
RCL,RCL Inc.,Q2 2024,2024-07-31,2024,2,197,SYNTHETIC,2026-02-20
RCL,RCL Inc.,Q3 2024,2024-10-31,2024,3,204,SYNTHETIC,2026-02-20
RCL,RCL Inc.,Q4 2024,2025-01-31,2024,4,199,SYNTHETIC,2026-02-20
LEN,LEN Inc.,Q2 2024,2024-07-31,2024,2,204,SYNTHETIC,2026-02-20
LEN,LEN Inc.,Q3 2024,2024-10-31,2024,3,202,SYNTHETIC,2026-02-20
LEN,LEN Inc.,Q4 2024,2025-01-31,2024,4,237,SYNTHETIC,2026-02-20
LOW,LOW Inc.,Q2 2024,2024-07-31,2024,2,188,SYNTHETIC,2026-02-20
LOW,LOW Inc.,Q3 2024,2024-10-31,2024,3,202,SYNTHETIC,2026-02-20
LOW,LOW Inc.,Q4 2024,2025-01-31,2024,4,226,SYNTHETIC,2026-02-20
LULU,LULU Inc.,Q2 2024,2024-07-31,2024,2,244,SYNTHETIC,2026-02-20
LULU,LULU Inc.,Q3 2024,2024-10-31,2024,3,242,SYNTHETIC,2026-02-20
LULU,LULU Inc.,Q4 2024,2025-01-31,2024,4,246,SYNTHETIC,2026-02-20
DECK,DECK Inc.,Q2 2024,2024-07-31,2024,2,245,SYNTHETIC,2026-02-20
DECK,DECK Inc.,Q3 2024,2024-10-31,2024,3,211,SYNTHETIC,2026-02-20
DECK,DECK Inc.,Q4 2024,2025-01-31,2024,4,181,SYNTHETIC,2026-02-20
DXCM,DXCM Inc.,Q2 2024,2024-07-31,2024,2,195,SYNTHETIC,2026-02-20
DXCM,DXCM Inc.,Q3 2024,2024-10-31,2024,3,200,SYNTHETIC,2026-02-20
DXCM,DXCM Inc.,Q4 2024,2025-01-31,2024,4,245,SYNTHETIC,2026-02-20
DG,DG Inc.,Q2 2024,2024-07-31,2024,2,181,SYNTHETIC,2026-02-20
DG,DG Inc.,Q3 2024,2024-10-31,2024,3,197,SYNTHETIC,2026-02-20
DG,DG Inc.,Q4 2024,2025-01-31,2024,4,244,SYNTHETIC,2026-02-20
DPZ,DPZ Inc.,Q2 2024,2024-07-31,2024,2,211,SYNTHETIC,2026-02-20
DPZ,DPZ Inc.,Q3 2024,2024-10-31,2024,3,245,SYNTHETIC,2026-02-20
DPZ,DPZ Inc.,Q4 2024,2025-01-31,2024,4,245,SYNTHETIC,2026-02-20
DASH,DASH Inc.,Q2 2024,2024-07-31,2024,2,243,SYNTHETIC,2026-02-20
DASH,DASH Inc.,Q3 2024,2024-10-31,2024,3,202,SYNTHETIC,2026-02-20
DASH,DASH Inc.,Q4 2024,2025-01-31,2024,4,206,SYNTHETIC,2026-02-20
DOV,DOV Inc.,Q2 2024,2024-07-31,2024,2,195,SYNTHETIC,2026-02-20
DOV,DOV Inc.,Q3 2024,2024-10-31,2024,3,204,SYNTHETIC,2026-02-20
DOV,DOV Inc.,Q4 2024,2025-01-31,2024,4,197,SYNTHETIC,2026-02-20
DHI,DHI Inc.,Q2 2024,2024-07-31,2024,2,211,SYNTHETIC,2026-02-20
DHI,DHI Inc.,Q3 2024,2024-10-31,2024,3,211,SYNTHETIC,2026-02-20
DHI,DHI Inc.,Q4 2024,2025-01-31,2024,4,182,SYNTHETIC,2026-02-20
EBAY,EBAY Inc.,Q2 2024,2024-07-31,2024,2,253,SYNTHETIC,2026-02-20
EBAY,EBAY Inc.,Q3 2024,2024-10-31,2024,3,195,SYNTHETIC,2026-02-20
EBAY,EBAY Inc.,Q4 2024,2025-01-31,2024,4,245,SYNTHETIC,2026-02-20
MRSH,MRSH Inc.,Q2 2024,2024-07-31,2024,2,189,SYNTHETIC,2026-02-20
MRSH,MRSH Inc.,Q3 2024,2024-10-31,2024,3,195,SYNTHETIC,2026-02-20
MRSH,MRSH Inc.,Q4 2024,2025-01-31,2024,4,245,SYNTHETIC,2026-02-20
HRL,HRL Inc.,Q2 2024,2024-07-31,2024,2,208,SYNTHETIC,2026-02-20
HRL,HRL Inc.,Q3 2024,2024-10-31,2024,3,202,SYNTHETIC,2026-02-20
HRL,HRL Inc.,Q4 2024,2025-01-31,2024,4,245,SYNTHETIC,2026-02-20
HST,HST Inc.,Q2 2024,2024-07-31,2024,2,246,SYNTHETIC,2026-02-20
HST,HST Inc.,Q3 2024,2024-10-31,2024,3,253,SYNTHETIC,2026-02-20
HST,HST Inc.,Q4 2024,2025-01-31,2024,4,202,SYNTHETIC,2026-02-20
HUBB,HUBB Inc.,Q2 2024,2024-07-31,2024,2,204,SYNTHETIC,2026-02-20
HUBB,HUBB Inc.,Q3 2024,2024-10-31,2024,3,226,SYNTHETIC,2026-02-20
HUBB,HUBB Inc.,Q4 2024,2025-01-31,2024,4,204,SYNTHETIC,2026-02-20
HUM,HUM Inc.,Q2 2024,2024-07-31,2024,2,235,SYNTHETIC,2026-02-20
HUM,HUM Inc.,Q3 2024,2024-10-31,2024,3,203,SYNTHETIC,2026-02-20
HUM,HUM Inc.,Q4 2024,2025-01-31,2024,4,242,SYNTHETIC,2026-02-20
ITW,ITW Inc.,Q2 2024,2024-07-31,2024,2,190,SYNTHETIC,2026-02-20
ITW,ITW Inc.,Q3 2024,2024-10-31,2024,3,179,SYNTHETIC,2026-02-20
ITW,ITW Inc.,Q4 2024,2025-01-31,2024,4,208,SYNTHETIC,2026-02-20
INTC,INTC Inc.,Q2 2024,2024-07-31,2024,2,199,SYNTHETIC,2026-02-20
INTC,INTC Inc.,Q3 2024,2024-10-31,2024,3,235,SYNTHETIC,2026-02-20
INTC,INTC Inc.,Q4 2024,2025-01-31,2024,4,172,SYNTHETIC,2026-02-20
ICE,ICE Inc.,Q2 2024,2024-07-31,2024,2,244,SYNTHETIC,2026-02-20
ICE,ICE Inc.,Q3 2024,2024-10-31,2024,3,188,SYNTHETIC,2026-02-20
ICE,ICE Inc.,Q4 2024,2025-01-31,2024,4,188,SYNTHETIC,2026-02-20
INVH,INVH Inc.,Q2 2024,2024-07-31,2024,2,226,SYNTHETIC,2026-02-20
INVH,INVH Inc.,Q3 2024,2024-10-31,2024,3,254,SYNTHETIC,2026-02-20
INVH,INVH Inc.,Q4 2024,2025-01-31,2024,4,235,SYNTHETIC,2026-02-20
JKHY,JKHY Inc.,Q2 2024,2024-07-31,2024,2,200,SYNTHETIC,2026-02-20
JKHY,JKHY Inc.,Q3 2024,2024-10-31,2024,3,207,SYNTHETIC,2026-02-20
JKHY,JKHY Inc.,Q4 2024,2025-01-31,2024,4,226,SYNTHETIC,2026-02-20
KEYS,KEYS Inc.,Q2 2024,2024-07-31,2024,2,204,SYNTHETIC,2026-02-20
KEYS,KEYS Inc.,Q3 2024,2024-10-31,2024,3,235,SYNTHETIC,2026-02-20
KEYS,KEYS Inc.,Q4 2024,2025-01-31,2024,4,204,SYNTHETIC,2026-02-20
LW,LW Inc.,Q2 2024,2024-07-31,2024,2,246,SYNTHETIC,2026-02-20
LW,LW Inc.,Q3 2024,2024-10-31,2024,3,233,SYNTHETIC,2026-02-20
LW,LW Inc.,Q4 2024,2025-01-31,2024,4,181,SYNTHETIC,2026-02-20
LVS,LVS Inc.,Q2 2024,2024-07-31,2024,2,188,SYNTHETIC,2026-02-20
LVS,LVS Inc.,Q3 2024,2024-10-31,2024,3,181,SYNTHETIC,2026-02-20
LVS,LVS Inc.,Q4 2024,2025-01-31,2024,4,202,SYNTHETIC,2026-02-20
GRMN,GRMN Inc.,Q2 2024,2024-07-31,2024,2,246,SYNTHETIC,2026-02-20
GRMN,GRMN Inc.,Q3 2024,2024-10-31,2024,3,209,SYNTHETIC,2026-02-20
GRMN,GRMN Inc.,Q4 2024,2025-01-31,2024,4,190,SYNTHETIC,2026-02-20
GPC,GPC Inc.,Q2 2024,2024-07-31,2024,2,188,SYNTHETIC,2026-02-20
GPC,GPC Inc.,Q3 2024,2024-10-31,2024,3,242,SYNTHETIC,2026-02-20
GPC,GPC Inc.,Q4 2024,2025-01-31,2024,4,188,SYNTHETIC,2026-02-20
HD,HD Inc.,Q2 2024,2024-07-31,2024,2,182,SYNTHETIC,2026-02-20
HD,HD Inc.,Q3 2024,2024-10-31,2024,3,211,SYNTHETIC,2026-02-20
HD,HD Inc.,Q4 2024,2025-01-31,2024,4,181,SYNTHETIC,2026-02-20
EPAM,EPAM Inc.,Q2 2024,2024-07-31,2024,2,237,SYNTHETIC,2026-02-20
EPAM,EPAM Inc.,Q3 2024,2024-10-31,2024,3,204,SYNTHETIC,2026-02-20
EPAM,EPAM Inc.,Q4 2024,2025-01-31,2024,4,199,SYNTHETIC,2026-02-20
EXR,EXR Inc.,Q2 2024,2024-07-31,2024,2,207,SYNTHETIC,2026-02-20
EXR,EXR Inc.,Q3 2024,2024-10-31,2024,3,199,SYNTHETIC,2026-02-20
EXR,EXR Inc.,Q4 2024,2025-01-31,2024,4,190,SYNTHETIC,2026-02-20
FFIV,FFIV Inc.,Q2 2024,2024-07-31,2024,2,226,SYNTHETIC,2026-02-20
FFIV,FFIV Inc.,Q3 2024,2024-10-31,2024,3,202,SYNTHETIC,2026-02-20
FFIV,FFIV Inc.,Q4 2024,2025-01-31,2024,4,242,SYNTHETIC,2026-02-20
FAST,FAST Inc.,Q2 2024,2024-07-31,2024,2,242,SYNTHETIC,2026-02-20
FAST,FAST Inc.,Q3 2024,2024-10-31,2024,3,180,SYNTHETIC,2026-02-20
FAST,FAST Inc.,Q4 2024,2025-01-31,2024,4,234,SYNTHETIC,2026-02-20
FIS,FIS Inc.,Q2 2024,2024-07-31,2024,2,181,SYNTHETIC,2026-02-20
FIS,FIS Inc.,Q3 2024,2024-10-31,2024,3,202,SYNTHETIC,2026-02-20
FIS,FIS Inc.,Q4 2024,2025-01-31,2024,4,195,SYNTHETIC,2026-02-20
CRM,CRM Inc.,Q2 2024,2024-07-31,2024,2,206,SYNTHETIC,2026-02-20
CRM,CRM Inc.,Q3 2024,2024-10-31,2024,3,234,SYNTHETIC,2026-02-20
CRM,CRM Inc.,Q4 2024,2025-01-31,2024,4,245,SYNTHETIC,2026-02-20
SBAC,SBAC Inc.,Q2 2024,2024-07-31,2024,2,202,SYNTHETIC,2026-02-20
SBAC,SBAC Inc.,Q3 2024,2024-10-31,2024,3,226,SYNTHETIC,2026-02-20
SBAC,SBAC Inc.,Q4 2024,2025-01-31,2024,4,180,SYNTHETIC,2026-02-20
SRE,SRE Inc.,Q2 2024,2024-07-31,2024,2,179,SYNTHETIC,2026-02-20
SRE,SRE Inc.,Q3 2024,2024-10-31,2024,3,211,SYNTHETIC,2026-02-20
SRE,SRE Inc.,Q4 2024,2025-01-31,2024,4,206,SYNTHETIC,2026-02-20
NOW,NOW Inc.,Q2 2024,2024-07-31,2024,2,233,SYNTHETIC,2026-02-20
NOW,NOW Inc.,Q3 2024,2024-10-31,2024,3,195,SYNTHETIC,2026-02-20
NOW,NOW Inc.,Q4 2024,2025-01-31,2024,4,206,SYNTHETIC,2026-02-20
T,T Inc.,Q2 2024,2024-07-31,2024,2,246,SYNTHETIC,2026-02-20
T,T Inc.,Q3 2024,2024-10-31,2024,3,235,SYNTHETIC,2026-02-20
T,T Inc.,Q4 2024,2025-01-31,2024,4,244,SYNTHETIC,2026-02-20
AXON,AXON Inc.,Q2 2024,2024-07-31,2024,2,253,SYNTHETIC,2026-02-20
AXON,AXON Inc.,Q3 2024,2024-10-31,2024,3,246,SYNTHETIC,2026-02-20
AXON,AXON Inc.,Q4 2024,2025-01-31,2024,4,242,SYNTHETIC,2026-02-20
BA,BA Inc.,Q2 2024,2024-07-31,2024,2,233,SYNTHETIC,2026-02-20
BA,BA Inc.,Q3 2024,2024-10-31,2024,3,204,SYNTHETIC,2026-02-20
BA,BA Inc.,Q4 2024,2025-01-31,2024,4,246,SYNTHETIC,2026-02-20
BKNG,BKNG Inc.,Q2 2024,2024-07-31,2024,2,244,SYNTHETIC,2026-02-20
BKNG,BKNG Inc.,Q3 2024,2024-10-31,2024,3,234,SYNTHETIC,2026-02-20
BKNG,BKNG Inc.,Q4 2024,2025-01-31,2024,4,179,SYNTHETIC,2026-02-20
AMCR,AMCR Inc.,Q2 2024,2024-07-31,2024,2,233,SYNTHETIC,2026-02-20
AMCR,AMCR Inc.,Q3 2024,2024-10-31,2024,3,208,SYNTHETIC,2026-02-20
AMCR,AMCR Inc.,Q4 2024,2025-01-31,2024,4,209,SYNTHETIC,2026-02-20
ZBH,ZBH Inc.,Q2 2024,2024-07-31,2024,2,199,SYNTHETIC,2026-02-20
ZBH,ZBH Inc.,Q3 2024,2024-10-31,2024,3,237,SYNTHETIC,2026-02-20
ZBH,ZBH Inc.,Q4 2024,2025-01-31,2024,4,254,SYNTHETIC,2026-02-20
AMZN,AMZN Inc.,Q2 2024,2024-07-31,2024,2,233,SYNTHETIC,2026-02-20
AMZN,AMZN Inc.,Q3 2024,2024-10-31,2024,3,233,SYNTHETIC,2026-02-20
AMZN,AMZN Inc.,Q4 2024,2025-01-31,2024,4,245,SYNTHETIC,2026-02-20
